pts,fgm,fga,fg3m,ftm,reb,ast,stl,blk,tov,wl
127,48,105,17,14,54,25,8,9,8,W
104,37,84,17,13,44,19,3,9,13,L
121,41,93,14,25,50,30,9,2,17,W
114,45,95,15,9,45,21,7,4,18,L
122,42,90,17,21,51,29,2,10,17,L
123,46,107,13,18,46,29,9,5,8,W
94,37,86,7,13,48,18,8,5,17,W
88,36,90,6,10,47,17,7,5,17,L
134,48,117,21,17,56,34,13,9,18,L
138,51,105,17,19,55,27,9,10,19,W
83,30,97,7,16,54,14,10,4,19,L
98,36,81,5,21,51,20,14,8,22,W
121,47,93,14,13,36,38,6,5,11,L
132,53,100,14,12,53,28,8,8,12,W
106,40,88,11,15,41,21,13,3,24,L
124,42,87,16,24,46,26,18,12,18,W
97,39,93,13,6,44,28,5,6,14,L
117,44,85,13,16,47,24,9,5,13,W
97,35,86,9,18,44,17,6,6,16,L
123,49,98,13,12,43,32,8,3,8,W
86,34,91,7,11,50,19,4,2,15,L
107,40,91,14,13,53,18,6,5,10,W
110,44,83,17,5,46,25,9,1,19,W
98,36,87,14,12,45,23,9,3,18,L
121,45,93,12,19,49,25,5,5,13,L
124,42,92,17,23,43,24,6,4,10,W
113,45,94,15,8,55,31,8,9,13,W
87,31,93,13,12,50,16,7,3,15,L
137,51,96,15,20,58,28,8,2,11,W
95,32,84,12,19,38,19,6,0,15,L
115,43,83,15,14,53,27,5,4,21,W
113,42,96,14,15,39,24,9,2,7,L
112,43,84,9,17,36,26,9,3,19,L
123,48,91,13,14,46,32,13,1,18,W
121,44,88,24,9,38,34,10,4,11,W
96,33,83,17,13,46,24,5,3,19,L
134,52,97,15,15,42,28,5,6,12,L
135,49,94,19,18,38,24,5,6,9,W
83,32,82,11,8,42,19,6,12,25,L
115,42,100,10,21,60,22,16,2,12,W
114,41,88,12,20,47,26,6,6,13,W
109,43,91,14,9,35,17,8,9,10,L
112,42,87,15,13,42,26,7,5,17,L
128,47,89,14,20,46,32,9,7,14,W
124,48,95,17,11,54,29,12,10,17,W
91,34,91,14,9,39,22,9,4,19,L
102,44,86,9,5,41,26,10,2,21,W
96,40,84,6,10,39,24,11,2,20,L
105,34,86,15,22,46,25,7,3,16,L
115,42,86,10,21,47,31,8,2,12,W
101,39,99,8,15,52,20,15,5,15,L
110,37,90,16,20,51,16,14,3,19,W
95,38,99,10,9,54,20,5,3,9,L
101,37,89,7,20,54,23,6,6,10,W
91,35,91,9,12,55,18,4,2,22,L
102,38,97,10,16,55,18,10,5,16,W
103,38,91,14,13,50,24,6,6,9,W
95,34,85,11,16,49,17,7,6,12,L
97,35,84,11,16,42,24,13,11,13,W
82,34,88,5,9,53,14,9,8,23,L
89,31,89,9,18,61,15,10,5,30,L
96,39,96,12,6,47,22,13,8,20,W
121,44,83,15,18,44,21,6,5,22,W
111,48,99,10,5,38,29,10,4,13,L
105,43,89,9,10,38,27,6,1,14,L
134,51,94,21,11,48,24,8,5,9,W
114,43,99,13,15,44,23,7,4,7,L
120,42,90,15,21,48,26,5,3,11,W
95,38,87,9,10,44,18,10,8,17,L
111,43,94,10,15,48,26,10,5,12,W
104,37,100,13,17,52,20,8,8,12,L
110,36,88,12,26,57,22,7,4,13,W
107,38,86,15,16,43,22,10,6,12,W
97,32,75,14,19,40,20,7,4,20,L
115,41,88,17,16,47,25,4,9,12,W
103,40,84,8,15,42,24,9,4,11,L
119,43,97,13,20,43,26,12,3,7,W
107,42,86,15,8,47,26,0,4,19,L
121,45,84,16,15,36,29,10,12,17,W
118,45,100,13,15,49,25,13,4,17,L
140,50,101,19,21,53,33,8,9,12,W
129,46,103,19,18,52,26,4,6,14,L
119,41,85,11,26,42,24,13,6,14,W
109,40,90,14,15,47,23,6,1,19,L
122,46,90,12,18,49,24,11,3,16,W
104,40,91,9,15,36,26,7,6,14,L
104,40,94,10,14,54,23,6,4,9,W
90,33,95,9,15,53,16,5,5,12,L
107,41,87,6,19,42,28,10,2,11,W
90,33,81,12,12,39,21,7,6,18,L
111,39,81,12,21,29,24,11,3,13,W
108,40,83,12,16,47,27,8,1,21,L
107,39,87,10,19,60,19,5,5,20,W
98,31,90,15,21,41,20,10,7,11,L
99,38,82,7,16,49,26,8,5,16,W
87,35,86,9,8,47,21,10,3,22,L
116,44,93,14,14,43,37,21,6,17,W
86,32,85,8,14,47,15,11,4,30,L
112,41,87,16,14,45,24,7,5,15,W
99,36,82,12,15,40,24,9,4,15,L
106,39,83,14,14,46,30,9,8,15,W
98,36,86,12,14,42,19,7,3,14,L
116,43,93,12,18,50,25,9,7,15,W
106,36,86,16,18,49,24,7,3,17,L
125,50,105,8,17,56,20,8,10,13,W
121,48,108,13,12,59,33,10,6,16,L
110,42,83,10,16,35,19,9,3,13,L
122,44,85,12,22,41,20,5,6,14,W
111,43,88,15,10,33,22,6,2,19,L
120,43,83,14,20,40,22,14,4,17,W
107,37,85,10,23,37,18,9,5,13,L
116,43,84,9,21,47,18,8,7,16,W
106,38,96,8,22,62,21,6,2,15,W
93,33,85,14,13,42,21,7,7,16,L
100,38,79,10,14,40,19,6,7,23,L
118,46,100,14,12,41,22,18,6,12,W
102,40,96,8,14,55,21,4,4,11,W
99,40,93,11,8,44,24,5,6,10,L
108,39,95,14,16,43,22,10,3,9,L
113,43,91,13,14,49,29,5,4,17,W
115,46,92,11,12,40,29,8,2,17,L
123,43,86,15,22,42,21,8,3,16,W
107,42,93,6,17,56,23,6,6,11,L
110,42,95,15,11,40,28,7,6,12,W
116,39,84,15,23,48,22,11,6,14,W
96,35,96,17,9,50,27,9,3,22,L
92,33,81,3,23,57,12,9,3,21,W
79,31,87,9,8,36,19,13,2,14,L
110,38,76,12,22,46,22,7,9,21,W
102,35,86,13,19,37,22,11,4,14,L
111,48,88,6,9,43,26,4,3,13,L
122,46,99,13,17,51,26,6,4,9,W
103,36,84,11,20,37,25,6,5,7,L
104,39,85,11,15,49,16,5,7,13,W
91,31,95,9,20,41,15,8,3,11,L
122,41,85,16,24,58,24,8,4,20,W
104,41,89,18,4,45,18,4,7,13,W
99,39,88,12,9,48,21,6,11,15,L
101,39,90,14,9,48,29,8,7,23,L
104,39,97,12,14,51,25,17,9,18,W
109,41,87,16,11,46,24,1,5,17,L
110,43,86,9,15,40,18,11,2,8,W
105,34,76,6,31,50,20,9,6,18,W
98,37,93,8,16,46,20,9,7,14,L
114,43,91,9,19,60,23,6,3,18,W
99,35,90,13,16,37,21,8,6,11,L
109,42,98,9,16,49,18,9,6,10,L
113,40,80,9,24,45,19,4,5,14,W
75,23,78,8,21,36,14,8,3,15,L
106,43,83,11,9,51,28,8,3,20,W
92,34,87,15,9,43,17,7,5,13,L
111,41,98,19,10,63,21,8,6,14,W
101,37,87,12,15,36,28,10,1,15,L
113,46,84,12,9,42,24,9,6,22,W
112,44,107,2,22,54,23,8,10,12,L
115,38,104,10,29,62,19,6,7,13,W
103,38,87,16,11,46,21,5,6,18,L
110,36,89,14,24,48,26,12,6,16,W
117,42,92,11,22,43,30,7,3,12,L
123,42,81,19,20,37,22,7,4,12,W
94,35,81,13,11,40,25,8,10,20,L
97,39,92,11,8,48,18,8,4,18,W
94,36,95,8,14,49,24,6,1,19,L
122,46,86,12,18,37,24,11,6,12,W
107,39,91,5,24,45,16,8,5,9,W
99,35,92,11,18,54,15,5,7,20,L
129,46,88,21,16,50,31,12,2,18,W
103,34,88,16,19,32,26,14,7,14,L
93,36,89,10,11,52,20,6,2,21,L
102,39,95,7,17,49,28,12,3,10,W
103,39,92,21,4,56,30,9,8,16,W
82,29,83,8,16,45,14,8,6,16,L
93,36,88,9,12,48,24,11,10,18,W
91,35,89,13,8,46,21,8,6,20,L
92,36,91,14,6,47,21,8,3,19,L
101,39,84,6,17,52,27,12,3,15,W
105,40,90,12,13,45,24,8,4,10,W
99,38,96,7,16,56,20,6,3,13,L
113,43,97,17,10,47,30,4,5,12,L
125,46,89,20,13,44,36,4,6,9,W
95,39,96,12,5,44,16,7,3,11,L
107,35,75,12,25,44,13,6,10,13,W
117,47,72,13,10,41,30,7,2,20,W
91,32,79,12,15,29,21,12,3,15,L
85,32,76,6,15,55,18,8,3,27,L
95,39,96,9,8,43,22,15,9,14,W
113,39,90,9,26,49,21,12,7,16,W
110,42,101,15,11,46,27,12,12,17,L
131,52,91,18,9,39,37,11,4,16,W
118,47,89,14,10,36,34,6,4,17,L
113,43,83,13,14,34,34,11,6,11,W
103,40,84,12,11,45,21,5,2,15,L
118,38,83,13,29,47,24,9,5,11,W
111,41,86,13,16,36,27,7,4,12,L
114,42,96,15,15,38,20,10,1,9,L
128,49,86,13,17,50,30,7,8,18,W
104,35,76,16,18,41,20,3,4,17,L
113,43,99,14,13,48,24,12,4,9,W
97,39,88,9,10,40,27,8,8,12,L
106,44,97,13,5,55,20,8,4,13,W
97,36,97,14,11,47,21,8,1,14,L
115,37,82,17,24,51,21,5,7,16,W
99,35,92,15,14,51,18,8,5,14,W
94,35,90,11,13,51,17,8,6,16,L
117,42,84,17,16,52,28,7,8,17,W
89,30,93,8,21,43,21,5,5,14,L
110,37,84,14,22,41,17,1,3,10,L
125,43,83,13,26,45,25,6,5,7,W
113,42,93,12,17,38,24,8,8,11,L
119,43,98,14,19,59,16,7,6,17,W
100,36,91,13,15,43,21,17,6,18,L
112,43,82,9,17,42,32,8,4,19,W
117,48,91,16,5,38,27,8,4,25,L
119,49,93,6,15,43,26,10,4,17,W
107,39,74,15,14,43,29,4,2,19,W
104,40,90,13,11,39,24,12,6,9,L
98,36,87,5,21,46,23,7,6,10,L
111,42,91,16,11,49,26,7,7,13,W
92,33,79,10,16,50,24,7,9,11,W
79,27,84,9,16,46,15,8,1,15,L
98,38,82,6,16,47,19,11,4,16,L
103,38,77,12,15,35,24,9,4,14,W
109,41,88,10,17,42,17,10,3,12,W
100,34,78,8,24,44,19,6,7,13,L
108,41,94,13,13,52,23,8,4,14,L
117,43,88,22,9,42,34,7,8,16,W
106,43,91,8,12,44,24,7,4,12,L
108,42,81,16,8,36,28,9,7,12,W
126,47,78,21,11,35,33,6,7,21,W
115,43,94,14,15,39,27,11,2,17,L
109,40,93,8,21,56,21,10,4,19,W
108,43,88,7,15,40,25,10,10,15,L
114,42,86,18,12,53,33,14,4,17,W
92,34,91,10,14,49,18,10,2,16,L
99,37,86,12,13,40,24,1,3,17,L
112,42,80,10,18,37,27,8,7,8,W
109,41,83,12,15,49,22,8,3,15,W
98,35,87,11,17,41,21,6,2,11,L
98,35,82,7,21,32,18,11,4,9,L
116,41,81,17,17,46,30,6,4,17,W
95,31,78,16,17,46,16,7,4,16,W
78,28,81,9,13,45,18,8,0,18,L
111,38,88,11,24,43,25,4,4,19,L
123,44,93,14,21,46,29,12,8,12,W
104,39,94,12,14,49,22,8,5,14,L
107,37,87,15,18,50,23,7,2,16,W
96,36,80,11,13,45,25,3,4,17,W
90,33,87,11,13,44,17,11,6,14,L
89,35,89,12,7,43,23,9,12,18,L
102,40,90,6,16,48,23,11,7,13,W
87,34,96,6,13,39,19,12,4,9,L
115,49,84,10,7,53,34,4,6,19,W
102,38,83,10,16,39,22,4,3,18,W
101,42,99,12,5,45,20,10,8,10,L
98,33,82,16,16,37,19,5,5,15,L
113,41,96,10,21,59,16,12,4,15,W
104,36,88,6,26,62,18,12,4,17,W
84,31,89,17,5,42,17,8,7,22,L
85,31,88,11,12,42,23,6,3,19,L
126,47,91,20,12,49,36,10,4,11,W
106,43,88,14,6,40,28,8,2,11,L
110,40,82,17,13,42,27,7,4,14,W
140,48,87,22,22,56,29,5,1,18,W
110,43,92,11,13,28,29,8,5,10,L
95,36,89,9,14,45,19,10,5,11,W
94,35,75,8,16,47,19,8,6,17,L
118,47,78,11,13,36,30,3,1,14,W
115,43,83,15,14,31,26,10,3,6,L
105,37,92,7,24,46,20,7,1,9,L
114,43,81,13,15,41,22,6,5,14,W
104,42,86,9,11,36,20,6,2,11,L
107,41,78,13,12,40,19,7,6,15,W
117,42,97,13,20,50,18,3,1,12,L
121,45,88,14,17,42,26,8,6,12,W
90,31,90,9,19,59,20,8,5,19,L
105,36,95,15,18,52,22,14,7,12,W
116,41,80,17,17,48,29,3,0,16,W
103,41,87,7,14,35,23,10,6,8,L
126,49,90,19,9,48,31,8,2,17,W
109,39,85,9,22,32,21,9,9,11,L
107,43,87,12,9,39,24,8,8,13,W
100,34,89,8,24,50,21,10,7,18,L
94,37,94,10,10,49,17,14,3,13,L
101,41,81,11,8,42,24,8,8,19,W
94,37,83,6,14,54,13,8,7,21,W
91,31,84,10,19,33,20,14,6,12,L
94,41,100,6,6,46,29,9,10,10,L
99,35,94,12,17,57,21,5,7,15,W
120,44,85,15,17,41,31,12,3,17,W
107,36,79,10,25,42,17,11,3,21,L
120,41,86,18,20,50,24,8,5,20,W
106,41,101,10,14,44,20,13,2,13,L
103,40,91,13,10,55,25,4,4,13,W
96,35,91,13,13,47,20,7,6,9,L
118,46,98,9,17,56,21,8,5,9,W
95,34,86,11,16,42,19,6,7,15,L
118,41,97,17,19,45,23,7,8,16,L
125,46,92,11,22,51,28,7,8,16,W
92,37,87,9,9,39,27,7,0,14,L
108,43,85,14,8,46,27,7,3,13,W
113,42,91,12,17,49,28,7,5,10,W
96,31,78,13,21,37,22,3,3,13,L
113,38,82,17,20,35,21,6,2,18,L
127,44,92,18,21,39,31,13,4,14,W
109,44,93,12,9,38,28,14,9,15,W
104,37,82,10,20,46,18,6,6,24,L
126,44,91,13,25,51,30,11,8,15,W
123,43,99,14,23,55,23,5,3,18,L
118,44,95,15,15,52,21,5,6,9,W
109,42,103,14,11,46,21,7,7,7,L
98,37,85,18,6,32,22,6,5,13,L
110,41,81,15,13,44,21,8,4,15,W
117,44,85,16,13,43,25,5,0,8,W
109,43,91,14,9,43,29,6,5,10,L
94,35,76,9,15,40,21,7,4,15,L
97,35,84,10,17,49,25,9,2,12,W
123,46,91,16,15,49,29,8,5,15,W
90,35,92,4,16,49,19,10,3,17,L
104,42,94,10,10,44,21,10,5,15,W
88,33,77,6,16,41,20,8,8,18,L
112,40,90,26,6,50,29,4,4,15,W
100,36,83,16,12,38,19,9,10,11,L
104,35,82,12,22,42,17,5,5,16,L
112,42,97,16,12,49,23,6,6,14,W
117,45,89,15,12,46,26,9,2,11,W
107,38,83,12,19,43,23,9,4,12,L
108,45,107,9,9,57,27,14,8,16,L
118,41,90,15,21,49,32,13,7,17,W
100,34,97,9,23,50,24,13,5,10,L
108,37,87,10,24,56,23,6,4,18,W
117,47,91,10,13,44,20,4,6,15,L
136,49,92,18,20,43,34,11,3,8,W
101,36,84,12,17,39,19,5,4,10,W
98,40,84,11,7,48,22,5,11,15,L
119,49,94,11,10,39,27,6,6,11,W
109,44,91,7,14,46,24,5,2,16,L
123,40,85,11,32,53,23,14,6,16,W
110,39,95,17,15,40,30,8,4,17,L
120,46,92,18,10,50,26,5,6,23,W
117,40,96,10,27,47,26,14,2,14,L
109,40,88,11,18,39,29,8,8,12,L
115,42,96,14,17,47,25,10,7,12,W
111,43,96,11,14,53,19,7,5,13,W
100,39,83,9,13,37,22,6,4,12,L
112,43,91,11,15,42,20,9,9,12,W
109,43,97,9,14,50,18,9,4,15,L
96,36,93,13,11,51,17,8,5,19,L
104,39,90,10,16,49,25,10,5,14,W
122,47,96,12,16,53,22,5,7,17,W
113,44,98,16,9,39,23,7,3,13,L
98,39,82,14,6,40,27,12,6,21,W
78,29,79,9,11,43,18,12,5,23,L
92,34,85,7,17,49,13,6,6,13,L
104,34,87,11,25,52,21,10,4,14,W
119,46,94,18,9,46,28,12,6,12,W
94,37,98,7,13,59,19,6,6,15,L
112,43,88,13,13,43,26,6,5,16,L
120,41,82,18,20,34,27,9,4,12,W
103,38,95,14,13,49,20,5,7,14,L
105,42,99,10,11,52,13,8,6,10,W
123,46,100,18,13,48,30,9,7,6,W
109,41,84,13,14,41,30,3,3,13,L
96,38,93,5,15,50,20,2,5,8,L
105,40,90,10,15,49,26,6,5,8,W
93,34,78,8,17,38,18,9,2,20,L
119,45,93,15,14,47,27,15,3,16,W
83,29,82,9,16,44,17,12,8,20,L
107,43,94,12,9,54,24,10,4,16,W
111,42,85,13,14,48,23,6,3,21,W
105,35,85,17,18,38,23,13,2,17,L
118,47,82,14,10,37,33,7,10,15,W
113,38,89,12,25,46,16,11,2,14,L
92,31,92,13,17,44,21,7,5,13,L
104,42,84,12,8,48,29,6,7,16,W
112,38,79,14,22,37,29,5,6,14,W
101,38,88,8,17,39,21,6,6,9,L
121,44,87,13,20,39,21,9,1,13,L
127,43,79,15,26,34,34,5,6,14,W
89,33,78,6,17,47,20,7,3,20,L
91,31,81,10,19,39,17,10,4,11,W
129,53,99,16,7,57,35,6,8,14,W
102,40,102,11,11,41,25,8,6,11,L
114,43,83,15,13,46,28,6,5,16,W
106,40,90,16,10,43,28,9,2,15,L
120,47,97,15,11,51,21,6,1,13,W
100,38,84,14,10,30,24,8,3,11,L
102,38,90,9,17,49,31,8,7,15,L
106,42,88,14,8,39,23,10,2,13,W
89,35,85,7,12,48,19,7,5,23,L
115,42,97,14,17,52,19,16,7,10,W
120,41,82,18,20,44,31,8,3,15,W
96,36,90,14,10,44,20,9,2,14,L
124,47,90,19,11,49,29,9,1,11,W
95,35,80,13,12,36,22,8,4,13,L
100,38,86,11,13,45,19,9,4,15,W
90,29,81,11,21,44,16,7,7,20,L
98,36,78,10,16,46,23,7,6,14,W
92,32,83,16,12,42,18,6,3,14,L
129,52,98,16,9,47,32,11,5,14,W
107,39,96,13,16,47,23,7,2,18,L
100,30,74,11,29,45,20,2,3,12,L
105,39,84,10,17,42,23,9,4,6,W
129,47,85,14,21,46,32,10,7,11,W
111,43,95,16,9,41,30,8,5,16,L
92,37,86,11,7,46,22,1,5,12,W
84,32,86,8,12,44,16,6,6,9,L
111,45,90,14,7,44,30,7,2,9,W
101,40,84,9,12,46,20,4,5,12,L
102,36,95,11,19,46,24,6,5,18,L
136,52,96,16,16,49,33,14,8,10,W
96,31,85,13,21,54,18,8,3,21,L
99,32,85,7,28,52,21,8,2,15,W
103,37,82,18,11,45,22,11,5,19,W
90,34,83,15,7,42,26,6,10,20,L
118,46,82,16,10,39,25,6,7,14,W
113,41,89,15,16,39,20,7,2,11,L
121,49,89,15,8,36,31,9,2,17,W
103,36,79,6,25,43,19,10,5,19,L
117,41,79,13,22,53,25,4,8,22,W
99,34,88,10,21,38,21,12,2,12,L
85,33,90,6,13,42,19,5,5,9,L
120,46,89,16,12,56,27,5,8,11,W
106,37,85,12,20,52,16,9,3,21,W
92,41,95,5,5,41,26,10,4,16,L
87,33,90,8,13,48,23,7,5,11,L
97,42,96,10,3,59,30,6,8,11,W
89,33,79,9,14,43,14,5,5,18,L
97,34,80,8,21,42,16,13,5,13,W
110,41,81,13,15,40,28,9,4,14,W
99,37,84,11,14,42,24,9,2,14,L
99,35,89,11,18,50,20,9,1,14,L
109,38,83,12,21,47,29,7,3,12,W
98,33,75,10,22,38,18,6,3,17,L
113,42,87,15,14,39,29,6,2,11,W
98,37,88,16,8,45,25,5,7,18,L
104,39,96,11,15,51,20,7,3,15,W
102,40,96,12,10,48,24,8,4,13,L
109,40,87,12,17,52,22,9,4,15,W
107,41,82,10,15,35,20,8,10,17,W
97,34,93,10,19,47,19,7,3,20,L
89,32,90,12,13,46,16,6,4,14,L
101,41,92,10,9,56,18,10,6,14,W
98,38,91,16,6,49,28,5,2,10,L
105,41,93,13,10,49,27,6,7,8,W
107,39,83,13,16,36,23,7,9,15,L
112,37,84,11,27,44,26,10,5,17,W
89,34,80,12,9,42,22,6,3,20,L
104,41,83,15,7,34,36,12,2,11,W
112,41,82,10,20,41,27,10,1,6,W
97,38,77,15,6,37,25,4,3,17,L
108,42,90,16,8,34,24,6,6,14,L
120,52,96,11,5,47,28,8,7,12,W
115,41,86,21,12,47,30,5,9,13,W
90,35,84,6,14,42,26,7,6,12,L
89,32,89,12,13,46,22,6,4,11,L
103,43,85,11,6,45,22,5,7,10,W
103,39,94,10,15,35,24,10,3,13,L
119,44,80,19,12,46,34,8,9,24,W
118,41,88,11,25,38,19,10,6,10,L
121,44,81,12,21,45,28,8,7,17,W
105,38,80,12,17,48,22,8,4,19,W
102,32,80,14,24,35,21,11,7,13,L
130,44,88,11,31,51,22,7,2,14,W
108,39,84,12,18,33,20,5,6,12,L
115,41,91,10,23,43,19,6,13,11,W
113,40,89,14,19,45,26,7,6,13,L
96,31,83,12,22,53,21,9,5,13,W
89,32,91,12,13,53,17,6,4,12,L
94,38,87,13,5,55,19,9,1,13,W
81,34,90,9,4,43,22,7,4,12,L
114,41,93,8,24,50,19,7,3,11,W
108,39,82,14,16,38,24,5,5,14,L
104,37,90,12,18,40,25,15,1,10,L
112,44,85,14,10,53,28,7,4,18,W
89,32,84,9,16,40,15,8,4,15,L
108,38,84,12,20,53,20,9,9,17,W
99,38,84,10,13,48,21,5,8,22,L
106,33,78,18,22,37,25,12,7,15,W
94,35,88,6,18,52,17,7,5,16,L
111,42,91,14,13,46,28,11,9,11,W
100,38,81,7,17,37,21,7,3,14,L
103,36,74,11,20,35,22,6,2,20,W
115,43,82,12,17,46,24,6,6,12,W
105,43,102,10,9,51,26,6,2,10,L
111,41,88,17,12,48,28,4,7,7,W
105,39,96,18,9,54,23,5,0,10,L
117,37,82,19,24,60,25,6,5,14,W
108,39,98,19,11,39,26,5,3,10,L
138,49,91,20,20,50,28,12,6,13,W
95,29,83,9,28,33,21,7,5,16,L
111,41,81,10,19,32,24,7,4,12,L
118,40,80,15,23,38,23,6,7,13,W
105,41,91,10,13,35,20,8,5,8,L
123,46,91,17,14,52,20,5,2,13,W
91,34,83,6,17,39,21,6,5,10,L
97,36,75,12,13,42,18,5,2,15,W
121,45,92,10,21,51,29,7,8,13,W
116,43,97,14,16,39,27,7,6,11,L
109,37,88,11,24,44,21,5,1,10,W
103,35,84,7,26,44,16,4,11,14,L
97,33,90,11,20,42,20,5,1,10,L
126,46,87,11,23,51,34,7,3,13,W
119,39,79,22,19,47,31,5,7,16,W
104,39,99,15,11,47,25,7,4,11,L
112,36,93,14,26,53,24,6,5,15,L
117,45,95,11,16,42,32,6,6,10,W
103,36,94,9,22,65,23,6,6,18,L
109,40,91,15,14,36,21,11,4,10,W
113,42,87,14,15,44,25,6,6,8,W
101,39,97,10,13,50,24,5,5,10,L
108,39,92,12,18,58,19,10,3,15,W
90,31,83,11,17,42,19,5,4,15,L
77,31,85,6,9,38,13,6,2,9,L
109,40,90,13,16,59,27,7,12,13,W
123,44,94,18,17,55,28,10,7,13,W
92,34,93,11,13,47,16,6,4,16,L
96,37,88,6,16,48,24,6,6,23,L
110,40,100,10,20,49,21,14,9,12,W
115,45,88,12,13,44,25,10,0,15,W
111,49,93,5,8,44,23,9,4,15,L
118,41,87,17,19,46,26,5,10,14,L
119,42,95,13,22,50,24,10,4,7,W
102,36,85,9,21,45,19,9,6,7,W
94,33,80,7,21,49,17,4,0,14,L
100,35,76,9,21,51,22,9,3,17,W
92,35,84,10,12,35,22,7,1,15,L
100,34,91,11,21,50,23,8,3,12,L
106,37,82,15,17,52,23,7,4,17,W
100,38,78,15,9,37,26,6,5,19,L
119,45,88,15,14,43,25,12,7,9,W
112,39,89,12,22,42,22,11,5,15,W
104,35,85,10,24,47,17,5,3,19,L
115,43,97,12,17,44,22,7,0,10,L
120,45,86,8,22,47,26,4,2,15,W
124,42,95,15,25,52,20,5,4,12,W
116,42,104,13,19,52,25,3,5,11,L
99,38,93,15,8,51,23,5,1,15,L
106,39,93,12,16,49,26,11,11,10,W
104,34,91,11,25,45,25,6,5,11,L
123,43,85,14,23,50,29,8,4,10,W
113,44,96,15,10,40,26,12,6,14,L
118,42,84,17,17,46,27,5,6,22,W
126,47,89,14,18,34,25,8,4,10,W
113,42,82,9,20,40,25,6,3,15,L
114,42,87,15,15,56,23,5,6,16,W
93,34,95,11,14,44,16,7,1,9,L
101,33,74,15,20,40,25,6,2,21,L
113,38,93,18,19,52,24,10,7,18,W
127,44,96,12,27,52,33,13,2,11,W
102,36,84,7,23,45,23,5,3,19,L
104,37,82,15,15,43,21,7,4,13,L
110,39,86,15,17,43,19,11,8,10,W
124,45,88,12,22,44,26,10,5,11,W
106,43,100,12,8,44,27,8,4,12,L
116,42,80,15,17,41,32,7,5,16,W
96,34,80,8,20,41,17,10,7,21,L
121,44,94,12,21,43,27,9,1,15,L
125,45,86,12,23,43,21,4,4,14,W
107,39,91,11,18,54,26,9,4,15,W
96,33,90,8,22,52,17,8,4,15,L
115,45,100,11,14,45,24,8,6,12,L
133,49,88,23,12,44,32,5,7,16,W
97,34,92,12,17,51,13,7,1,16,L
118,44,79,13,17,35,28,10,2,11,W
123,48,86,17,10,47,32,11,1,14,W
88,30,80,7,21,36,18,7,5,15,L
114,47,97,11,9,53,31,6,4,13,W
97,37,89,7,16,41,17,8,3,11,L
132,52,89,13,15,49,33,8,5,12,W
100,37,91,12,14,36,27,8,7,13,L
99,38,94,11,12,41,23,7,4,10,L
101,38,79,10,15,43,17,2,12,15,W
88,34,92,10,10,51,20,4,8,11,L
96,38,87,6,14,53,21,7,6,11,W
109,40,92,17,12,31,24,9,2,8,L
120,46,73,16,12,44,24,3,7,22,W
98,38,89,11,11,39,27,8,4,14,W
97,36,80,13,12,43,17,6,8,18,L
118,47,87,12,12,48,31,8,5,15,W
103,36,86,13,18,37,23,7,2,10,L
137,51,102,15,20,51,32,9,6,19,L
141,54,120,14,19,56,32,11,4,15,W
121,48,96,14,11,54,22,7,6,21,W
120,39,93,12,30,44,27,13,5,16,L
90,33,93,9,15,52,18,8,6,7,L
99,36,82,11,16,50,20,4,3,10,W
107,42,84,7,16,47,25,7,5,20,L
113,41,92,13,18,41,17,11,1,13,W
105,41,90,14,9,51,28,3,9,13,W
92,35,88,8,14,43,21,11,5,9,L
104,38,81,11,17,47,22,6,4,23,L
107,37,86,14,19,36,23,13,1,10,W
146,51,95,23,21,41,36,5,4,15,W
143,48,103,20,27,39,31,10,5,11,L
114,42,89,14,16,35,23,7,4,7,L
120,45,78,9,21,43,28,4,4,15,W
105,40,93,8,17,45,27,8,3,15,L
127,45,80,20,17,41,24,9,4,18,W
105,38,86,17,12,43,25,19,2,17,W
90,32,80,9,17,47,18,8,3,25,L
118,46,90,8,18,52,27,7,3,14,W
100,38,92,12,12,45,21,6,2,13,L
109,34,82,12,29,53,24,5,3,18,W
97,35,93,13,14,44,19,6,5,11,L
101,33,97,9,26,49,17,5,8,8,L
128,50,104,13,15,68,30,4,11,10,W
110,43,86,9,15,42,32,11,8,12,W
106,38,89,13,17,53,29,5,4,17,L
96,37,90,8,14,55,20,7,6,12,L
101,39,97,10,13,55,24,7,6,11,W
120,43,74,18,16,35,32,2,1,13,W
111,43,91,15,10,39,32,2,1,9,L
133,53,89,14,13,41,35,3,5,11,W
119,42,88,18,17,34,23,7,9,9,L
102,40,96,15,7,60,31,7,5,14,W
89,31,87,7,20,45,16,10,10,13,L
100,36,82,9,19,47,25,8,5,14,W
98,36,91,9,17,47,27,6,3,14,L
114,45,80,10,14,48,29,3,4,20,W
96,39,89,12,6,33,20,8,7,10,L
116,49,92,8,10,51,28,4,6,10,W
99,41,92,9,8,40,26,5,3,7,L
107,42,91,11,12,42,19,1,3,9,L
129,47,89,19,16,43,30,6,3,5,W
123,48,94,14,13,47,30,11,1,8,W
104,37,72,14,16,35,17,2,2,15,L
112,41,85,8,22,38,27,7,7,9,W
110,44,91,11,11,42,27,5,2,11,L
91,36,91,10,9,44,14,7,9,18,L
98,36,93,10,16,54,18,13,10,17,W
96,36,86,14,10,51,25,7,5,23,L
104,43,87,12,6,35,28,12,4,13,W
110,41,96,14,14,43,24,8,5,11,W
92,29,76,9,25,45,17,4,7,19,L
117,46,92,11,14,47,21,10,6,15,W
92,35,79,6,16,40,22,11,4,20,L
114,44,86,16,10,41,24,4,8,13,W
111,44,90,10,13,40,23,8,4,10,L
103,39,80,10,15,35,22,5,4,15,L
108,44,81,6,14,39,26,8,6,13,W
107,37,88,11,22,39,15,3,6,13,L
115,45,91,10,15,52,34,6,7,14,W
88,33,79,11,11,46,18,5,8,13,W
87,33,89,8,13,46,20,7,9,7,L
111,37,68,16,21,46,27,8,14,21,W
85,32,85,12,9,28,21,8,4,13,L
127,46,94,14,21,45,29,10,1,13,W
125,43,87,21,18,36,30,8,9,17,L
107,40,89,13,14,32,22,10,1,16,L
139,57,83,18,7,34,32,7,2,18,W
114,40,79,15,19,40,25,9,12,19,W
110,40,85,8,22,35,16,9,6,13,L
115,47,100,9,12,49,35,8,6,13,L
124,46,88,15,17,38,28,8,1,12,W
119,44,89,11,20,39,24,10,8,15,W
115,42,82,9,22,39,19,10,8,18,L
93,32,85,11,18,47,16,4,4,15,L
97,37,88,14,9,47,23,10,7,14,W
79,25,76,11,18,26,14,2,5,20,L
152,60,96,19,13,53,41,16,9,10,W
114,43,79,12,16,44,23,8,3,15,W
103,36,80,11,20,36,20,6,6,13,L
83,29,82,12,13,41,19,8,6,18,L
114,44,91,14,12,48,32,10,5,14,W
113,43,81,16,11,38,24,5,6,13,W
104,35,80,9,25,39,20,7,3,13,L
116,42,89,13,19,54,30,2,5,16,W
101,38,82,10,15,33,21,5,4,10,L
96,31,76,10,24,47,20,5,3,15,L
98,38,81,9,13,40,22,8,5,11,W
105,36,93,13,20,44,22,5,4,18,L
110,36,76,6,32,41,26,4,4,17,W
118,44,92,17,13,35,33,7,5,12,W
116,42,86,13,19,45,24,6,4,18,L
107,37,90,12,21,55,30,5,5,10,W
91,32,79,10,17,42,17,4,3,15,L
130,47,91,14,22,30,23,9,3,6,L
137,45,81,27,20,44,26,3,3,20,W
118,45,92,19,9,51,30,10,8,17,W
96,31,81,8,26,38,23,9,3,16,L
119,41,81,16,21,34,28,5,3,10,W
115,45,90,12,13,43,28,8,3,12,L
113,44,84,20,5,42,30,10,5,13,W
99,35,88,12,17,40,23,7,3,11,L
111,41,86,10,19,47,22,4,10,9,W
107,46,111,8,7,55,28,8,6,7,L
102,34,84,17,17,39,29,6,5,15,L
124,44,98,18,18,57,32,3,6,14,W
90,31,92,15,13,42,19,10,1,15,L
97,37,76,9,14,52,20,10,5,23,W
107,40,90,13,14,45,26,6,2,13,L
112,42,88,12,16,45,24,10,4,12,W
145,49,87,21,26,46,26,5,7,12,W
117,42,89,8,25,32,22,7,2,9,L
99,34,89,13,18,47,23,7,3,18,L
104,36,86,12,20,51,19,8,8,17,W
108,42,91,14,10,45,20,12,5,14,L
109,40,90,20,9,46,24,8,5,17,W
127,48,93,17,14,45,29,4,3,11,L
130,46,86,17,21,39,21,9,3,6,W
102,38,85,8,18,47,22,3,1,8,W
90,30,73,8,22,43,20,4,5,10,L
108,40,94,10,18,50,19,9,9,8,L
118,39,79,17,23,40,24,3,3,14,W
127,46,87,15,20,49,28,6,9,15,W
124,48,107,16,12,42,31,6,6,8,L
114,41,82,9,23,40,22,10,11,11,W
103,41,99,16,5,52,21,8,7,17,L
116,43,82,9,21,40,25,10,10,16,W
110,43,81,7,17,30,25,11,2,12,L
90,35,76,6,14,36,26,11,6,23,L
105,38,89,13,16,47,26,11,6,19,W
109,41,91,13,14,55,25,4,7,11,W
97,38,96,11,10,50,30,5,2,11,L
104,35,90,15,19,39,27,8,4,10,L
112,40,86,13,19,53,21,7,5,17,W
121,40,90,25,16,49,31,5,8,12,W
110,39,98,17,15,50,22,9,5,8,L
108,43,94,10,12,49,27,6,4,17,W
104,40,93,11,13,41,31,12,6,15,L
126,43,87,20,20,43,28,15,2,15,W
95,33,76,11,18,38,18,10,4,23,L
102,41,92,11,9,37,18,8,7,13,W
90,35,79,5,15,45,16,6,6,18,L
99,36,90,9,18,39,21,6,2,4,L
102,42,83,8,10,50,28,3,4,12,W
121,43,91,18,17,52,22,7,5,11,W
109,41,92,12,15,43,30,5,4,10,L
102,36,82,10,20,34,27,8,4,13,L
117,48,93,8,13,51,25,7,4,16,W
110,36,75,13,25,36,23,6,4,17,W
106,39,80,10,18,35,22,7,4,19,L
115,44,80,13,14,42,28,10,8,16,W
92,35,84,7,15,37,21,6,3,18,L
119,42,88,12,23,45,27,6,8,17,W
116,37,79,13,29,37,22,9,4,16,L
102,36,86,9,21,36,17,6,8,13,L
122,46,86,10,20,42,27,8,4,11,W
113,40,77,22,11,42,32,6,6,22,W
104,36,85,12,20,41,18,11,4,19,L
110,38,84,17,17,40,28,12,3,14,W
109,42,93,15,10,46,27,6,5,13,L
114,40,81,14,20,38,23,9,9,14,W
104,35,89,8,26,44,18,7,3,13,L
104,37,77,12,18,47,24,5,6,19,W
96,36,90,9,15,40,23,14,3,13,L
104,38,95,17,11,37,19,9,3,16,L
136,50,88,25,11,48,26,6,4,15,W
114,47,90,11,9,46,32,8,5,25,L
120,45,88,9,21,33,28,12,4,12,W
104,33,83,14,24,47,22,9,3,16,W
94,33,80,8,20,42,24,5,3,16,L
130,48,97,16,18,43,29,2,5,13,L
142,53,97,15,21,43,24,8,7,8,W
111,41,86,10,19,47,26,11,3,23,L
114,40,85,14,20,38,20,13,7,20,W
96,38,88,6,14,34,17,9,4,12,L
118,43,91,15,17,52,22,7,5,12,W
95,36,78,12,11,45,26,8,6,22,L
108,41,94,14,12,47,28,18,5,13,W
111,42,94,15,12,33,29,7,5,9,L
123,46,88,15,16,54,32,5,7,14,W
123,48,101,14,13,48,22,11,4,14,L
124,48,87,14,14,39,29,9,8,16,W
93,39,84,4,11,37,18,7,2,14,L
106,41,87,13,11,44,28,7,3,13,W
105,37,94,11,20,49,21,10,3,15,L
113,46,93,6,15,41,26,9,7,14,W
87,29,81,9,20,55,18,4,2,15,L
90,30,87,12,18,48,21,9,7,8,W
114,42,89,19,11,40,30,9,4,16,L
123,42,83,15,24,48,19,11,8,15,W
123,46,85,13,18,47,34,8,7,17,W
106,36,92,11,23,40,24,9,5,14,L
109,41,95,13,14,60,29,6,4,16,W
93,35,90,12,11,38,22,7,6,13,L
116,41,87,19,15,47,23,12,3,16,W
95,38,96,10,9,51,21,9,3,15,L
90,35,93,4,16,46,13,7,6,13,L
111,43,96,14,11,53,25,4,9,12,W
106,42,92,18,4,45,27,7,1,8,W
104,35,80,12,22,45,21,4,5,11,L
123,48,93,13,14,49,28,5,5,9,W
98,41,89,8,8,39,17,3,3,13,L
117,41,88,12,23,47,27,13,6,14,W
103,41,93,7,14,48,19,8,6,17,L
92,31,83,17,13,34,22,5,3,16,L
118,46,93,19,7,50,37,8,6,10,W
106,38,77,11,19,40,25,5,6,16,L
113,40,80,11,22,38,22,10,3,11,W
93,34,85,12,13,42,21,5,5,13,L
102,35,76,9,23,44,19,7,5,13,W
127,47,93,20,13,41,33,9,8,12,W
112,41,89,10,20,45,28,4,4,17,L
112,42,88,14,14,46,27,11,1,15,W
97,35,82,17,10,37,27,12,2,17,L
116,41,87,11,23,43,28,8,6,18,W
104,39,92,14,12,40,24,11,5,21,L
103,38,90,9,18,54,25,5,5,9,W
84,30,80,13,11,39,19,3,7,11,L
97,40,94,8,9,42,24,8,4,14,L
112,45,91,7,15,55,31,11,5,14,W
116,38,85,14,26,42,23,9,2,17,W
111,37,81,18,19,45,25,9,8,19,L
106,41,84,13,11,44,24,12,11,14,W
94,33,88,13,15,47,17,6,4,19,L
105,36,81,16,17,42,24,6,1,14,W
94,38,85,13,5,39,26,4,4,16,L
102,42,84,8,10,47,21,6,6,18,W
100,35,87,7,23,42,16,11,5,10,L
101,38,94,11,14,53,21,5,4,17,L
124,53,98,11,7,46,28,10,8,10,W
126,42,85,15,27,40,20,9,6,12,L
132,46,96,19,21,45,27,8,5,11,W
117,43,86,20,11,40,31,6,5,13,W
103,40,90,11,12,45,22,8,3,14,L
91,37,83,4,13,38,22,5,10,15,L
126,47,89,14,18,50,29,12,6,11,W
120,43,83,19,15,50,28,4,8,13,W
96,34,86,13,15,38,22,8,2,10,L
113,37,79,10,29,49,26,8,2,13,W
107,41,90,12,13,41,25,7,5,10,L
111,43,78,9,16,45,24,5,7,17,W
95,36,96,7,16,41,22,10,3,11,L
131,50,103,14,17,60,28,7,5,18,W
129,48,105,18,15,41,26,6,6,12,L
105,35,77,15,20,49,28,3,6,12,W
96,30,83,16,20,35,18,6,6,9,L
133,50,92,18,15,61,33,13,4,18,W
87,30,89,6,21,41,17,9,7,18,L
111,44,93,11,12,49,30,7,0,14,W
107,40,96,13,14,48,23,7,3,14,L
124,45,80,18,16,44,26,6,5,17,W
89,30,78,5,24,41,20,13,1,17,L
111,42,85,11,16,40,25,11,5,13,W
99,35,90,10,19,46,25,4,2,17,L
101,35,78,18,13,44,25,5,3,18,W
96,35,79,12,14,35,26,9,5,11,L
104,39,98,12,14,51,22,4,3,11,L
107,39,90,15,14,46,24,8,2,14,W
114,44,90,14,12,38,25,10,3,9,W
99,39,83,11,10,45,24,6,6,19,L
113,39,80,11,24,49,23,6,3,12,W
110,39,93,13,19,42,22,8,4,8,L
115,39,90,12,25,38,27,5,3,8,L
131,51,86,18,11,48,34,3,4,13,W
107,38,84,14,17,42,33,5,3,18,L
124,45,88,23,11,39,24,10,5,12,W
103,40,85,10,13,42,24,6,5,16,L
124,47,89,15,15,44,26,11,4,10,W
103,31,82,15,26,38,18,9,6,15,L
113,39,82,11,24,53,22,10,5,16,W
119,45,82,8,21,39,25,7,6,11,W
105,42,89,5,16,39,20,8,3,11,L
122,45,91,7,25,41,26,6,7,9,W
113,40,81,7,26,37,20,6,4,12,L
114,44,89,11,15,48,21,4,3,15,W
105,39,89,10,17,38,19,10,4,9,L
120,43,90,12,22,51,30,8,7,17,L
127,48,113,14,17,58,30,10,5,12,W
103,34,68,11,24,29,29,4,4,19,L
116,39,83,17,21,40,25,8,6,12,W
118,42,79,9,25,47,25,9,2,20,W
98,40,82,6,12,32,22,11,3,16,L
115,41,82,19,14,46,25,5,5,17,W
105,43,89,11,8,36,23,10,5,11,L
115,41,88,7,26,37,22,6,3,15,L
133,50,86,17,16,38,35,9,7,17,W
107,36,82,15,20,45,20,5,2,16,L
111,39,90,16,17,45,27,9,8,14,W
92,30,78,12,20,36,26,6,7,18,L
110,41,98,12,16,61,23,13,6,15,W
128,50,100,15,13,43,27,8,4,7,W
126,46,93,13,21,50,26,5,6,13,L
116,42,89,13,19,57,34,10,3,20,W
112,45,104,14,8,44,16,12,5,13,L
125,44,85,21,16,41,27,7,6,17,W
116,44,92,13,15,38,29,8,4,13,L
105,36,88,13,20,45,21,5,6,18,L
124,45,97,13,21,50,25,11,3,13,W
116,46,93,14,10,47,27,15,5,19,W
107,43,93,10,11,42,29,8,6,21,L
93,39,102,9,6,51,24,8,8,16,L
100,39,94,10,12,50,20,6,4,16,W
100,37,79,11,15,47,26,5,5,20,L
119,45,90,14,15,41,26,13,3,11,W
103,37,83,16,13,39,26,11,3,13,L
104,43,92,12,6,55,23,4,4,16,W
114,42,89,17,13,45,23,6,3,13,W
107,35,80,13,24,42,18,8,6,14,L
119,45,90,16,13,46,36,11,3,15,W
90,35,89,12,8,44,18,8,4,17,L
103,35,81,14,19,46,17,5,6,16,L
109,42,94,9,16,47,27,7,4,9,W
115,40,93,10,25,43,20,10,3,10,W
110,42,82,12,14,46,25,6,8,20,L
90,28,74,13,21,39,23,4,3,13,L
100,35,75,8,22,47,24,4,2,15,W
105,35,74,11,24,51,17,4,9,25,W
100,35,91,9,21,33,22,13,5,8,L
121,46,91,14,15,40,23,11,3,12,W
114,45,91,12,12,44,24,7,8,14,L
131,45,91,17,24,48,27,7,4,9,W
107,39,90,7,22,47,19,6,5,14,L
124,42,89,15,25,48,27,8,2,13,W
118,43,88,12,20,38,26,6,3,12,L
107,40,83,9,18,39,26,5,7,8,L
117,39,84,10,29,44,26,4,8,11,W
105,36,82,12,21,41,27,5,2,12,L
111,36,77,15,24,37,26,6,3,9,W
137,54,95,20,9,57,35,5,8,18,W
106,36,100,10,24,43,26,12,6,9,L
103,38,82,7,20,42,16,9,5,18,L
108,36,72,10,26,34,20,11,7,17,W
103,36,95,11,20,55,24,5,4,11,W
97,37,93,12,11,54,22,2,8,12,L
133,47,88,16,23,34,33,7,5,8,W
118,44,78,12,18,35,27,4,4,14,L
102,36,84,11,19,47,24,7,7,14,W
99,39,101,11,10,51,24,9,2,12,L
112,34,96,16,28,68,21,4,6,17,W
102,39,101,15,9,51,27,7,4,13,L
113,46,88,15,6,42,28,12,9,16,W
98,37,83,13,11,37,23,10,3,21,L
92,34,87,9,15,43,18,6,5,15,L
116,50,114,12,4,66,37,11,4,12,W
103,36,89,14,17,42,19,6,5,16,L
117,46,83,12,13,38,26,10,7,16,W
125,47,95,22,9,53,30,5,5,11,W
96,31,87,11,23,42,22,6,3,12,L
105,40,90,11,14,52,22,5,7,13,W
91,34,94,8,15,48,22,9,4,14,L
111,42,80,12,15,44,27,5,3,16,W
97,35,78,13,14,31,18,12,4,11,L
114,42,86,11,19,44,30,11,3,11,W
102,36,79,13,17,39,26,4,5,17,L
90,34,87,7,15,47,14,9,3,15,L
108,41,93,12,14,53,29,11,4,16,W
98,32,80,12,22,49,21,4,8,14,L
104,38,85,11,17,40,27,11,5,10,W
111,43,92,11,14,48,24,12,5,13,W
101,36,92,9,20,53,17,8,3,16,L
111,46,84,7,12,45,32,2,1,15,W
105,38,79,12,17,34,24,8,5,12,L
106,36,86,13,21,52,23,0,7,15,L
126,45,103,17,19,48,25,8,2,7,W
94,33,84,13,15,39,21,7,5,11,L
108,42,94,8,16,60,22,7,4,11,W
105,42,82,7,14,43,26,10,3,13,W
89,34,85,12,9,40,24,7,5,19,L
106,35,80,15,21,28,16,9,6,13,L
118,46,88,13,13,47,27,6,6,15,W
110,37,86,13,23,46,21,4,2,10,W
104,38,88,9,19,44,19,6,11,9,L
98,37,82,7,17,46,20,5,4,16,W
96,33,80,6,24,38,20,8,7,8,L
115,43,88,12,17,43,23,4,0,13,W
112,36,80,18,22,43,23,9,5,16,L
117,42,93,13,20,44,17,2,1,7,L
124,42,75,16,24,38,30,4,6,11,W
95,35,86,12,13,43,25,6,2,11,L
102,37,82,10,18,47,26,7,5,12,W
107,40,96,14,13,54,23,7,2,15,L
115,39,94,16,21,50,28,10,8,11,W
113,45,93,15,8,52,26,9,8,14,W
101,37,96,11,16,44,17,6,5,13,L
116,45,101,17,9,44,29,7,4,14,L
128,48,90,16,16,45,31,7,7,15,W
113,40,82,19,14,39,30,9,9,19,W
104,38,90,8,20,42,18,10,6,13,L
108,42,91,12,12,42,23,9,6,15,L
114,40,86,15,19,47,23,8,9,15,W
110,44,94,5,17,48,21,4,6,14,L
138,46,95,18,28,50,33,7,5,6,W
87,33,87,13,8,46,23,8,5,12,L
101,38,85,20,5,50,28,6,6,10,W
113,38,89,17,20,44,24,9,8,14,L
117,43,91,12,19,48,24,7,6,13,W
116,42,85,14,18,42,28,11,7,11,W
107,40,83,11,16,37,20,5,2,13,L
115,40,96,10,25,47,29,8,5,14,L
122,43,89,14,22,41,31,6,9,12,W
116,38,89,10,30,43,19,7,3,14,L
120,40,90,12,28,49,24,9,6,14,W
93,36,89,10,11,51,28,7,1,14,W
83,31,72,10,11,43,17,6,4,19,L
144,56,106,22,10,52,39,12,5,15,W
99,37,89,9,16,43,24,11,3,21,L
117,43,86,12,19,50,25,6,8,13,W
96,35,90,8,18,43,22,6,1,8,L
102,34,81,10,24,38,22,7,9,18,L
127,47,100,9,24,53,33,11,6,12,W
112,39,94,10,24,49,26,10,4,11,L
117,41,86,13,22,47,24,8,5,12,W
144,51,91,13,29,52,39,6,5,19,W
109,38,98,8,25,42,16,10,5,14,L
113,43,76,11,16,40,17,5,6,15,W
105,41,94,8,15,45,23,9,5,9,L
103,39,95,15,10,48,29,7,4,14,W
100,40,86,8,12,46,26,8,7,14,L
99,36,87,15,12,44,20,9,3,21,L
123,47,88,18,11,39,33,13,4,16,W
118,40,89,15,23,45,22,3,5,10,L
130,51,94,18,10,44,29,5,6,10,W
103,33,89,16,21,53,23,8,10,14,L
108,40,90,14,14,53,30,7,5,14,W
104,45,100,10,4,44,26,8,3,10,L
110,39,86,9,23,55,19,9,4,15,W
113,41,90,11,20,35,25,11,2,11,L
114,45,88,11,13,50,22,10,6,19,W
132,48,84,12,24,41,38,6,4,13,W
117,35,82,12,35,33,19,4,5,11,L
108,37,97,14,20,45,25,7,4,12,L
124,50,88,13,11,47,31,7,8,15,W
127,47,85,17,16,40,31,4,3,13,W
110,38,83,12,22,37,24,7,4,13,L
119,41,92,16,21,42,26,14,5,8,W
112,42,85,17,11,47,27,5,3,18,L
114,34,77,14,32,42,23,6,4,8,W
109,38,87,15,18,43,24,7,5,10,L
123,44,83,16,19,30,24,10,7,14,L
132,48,92,14,22,48,27,8,6,12,W
88,34,85,7,13,45,22,6,11,11,L
96,37,90,16,6,54,20,5,4,16,W
104,37,88,14,16,42,27,6,3,8,L
108,36,80,16,20,44,24,3,8,13,W
89,34,83,8,13,44,24,10,5,16,W
86,30,72,10,16,43,20,8,2,17,L
117,40,95,17,20,57,25,3,9,10,W
111,35,90,11,30,45,16,6,6,9,L
94,31,81,8,24,48,19,11,5,17,W
85,30,81,12,13,43,19,11,5,17,L
108,36,86,17,19,45,25,8,6,18,L
116,44,85,9,19,48,27,12,5,14,W
82,35,101,4,8,50,19,8,8,8,L
91,33,81,11,14,49,17,5,4,16,W
117,44,92,11,18,37,26,6,3,11,L
131,52,84,10,17,41,38,9,6,15,W
99,39,86,15,6,39,24,5,5,18,L
104,35,85,10,24,43,18,13,5,13,W
112,42,83,12,16,42,27,13,3,14,W
95,30,80,8,27,43,21,9,5,17,L
115,41,89,12,21,56,22,7,7,15,W
97,38,96,7,14,45,19,6,1,12,L
105,37,88,14,17,45,23,6,3,11,L
120,46,87,8,20,46,22,6,3,11,W
94,38,81,9,9,36,23,7,5,13,L
95,36,75,10,13,38,21,5,2,15,W
102,37,81,7,21,52,21,4,9,18,L
110,42,100,13,13,43,22,10,4,8,W
136,45,91,13,33,50,24,7,6,13,W
118,42,87,13,21,33,26,5,1,10,L
93,35,83,8,15,44,20,4,3,13,L
110,45,90,9,11,47,27,7,8,8,W
131,46,84,10,29,41,39,8,5,9,W
124,45,88,17,17,41,29,5,0,14,L
123,45,83,10,23,51,28,6,7,18,W
108,41,100,11,15,37,20,10,2,10,L
108,35,86,12,26,42,22,11,5,11,W
106,38,91,8,22,55,23,7,8,17,L
112,42,81,9,19,47,30,5,7,13,W
96,38,91,10,10,33,25,7,4,10,L
110,41,93,14,14,46,21,9,4,18,L
120,40,86,14,26,43,21,7,6,14,W
121,43,97,16,19,44,23,8,4,2,W
118,48,84,8,14,46,27,1,8,9,L
108,38,78,15,17,37,27,6,7,13,L
116,40,96,11,25,54,19,8,4,7,W
105,39,90,12,15,47,24,3,8,11,L
118,49,102,10,10,58,28,7,11,10,W
80,30,81,8,12,48,12,6,3,10,L
95,36,87,18,5,49,21,6,3,10,W
108,40,93,14,14,41,23,9,5,10,L
120,37,78,11,35,49,18,4,5,18,W
139,47,85,19,26,47,27,6,9,7,W
106,36,102,12,22,54,19,4,2,9,L
113,39,95,16,19,50,28,10,5,15,L
136,49,92,23,15,48,27,10,4,14,W
116,42,102,12,20,48,30,8,3,17,L
117,41,101,9,26,63,18,12,6,21,W
120,41,84,17,21,44,17,4,4,15,W
119,46,87,6,21,43,26,9,3,12,L
120,42,86,14,22,40,23,7,6,11,W
116,42,97,11,21,57,26,9,2,15,L
124,46,86,10,22,46,33,10,6,18,W
111,37,85,16,21,36,20,10,4,18,L
123,46,86,17,14,40,39,10,2,15,W
116,40,92,14,22,45,19,7,0,13,L
105,35,78,12,23,30,22,11,4,18,L
120,41,86,13,25,44,21,9,5,17,W
116,39,86,13,25,46,25,5,10,22,W
111,40,95,9,22,45,17,12,3,16,L
108,41,88,6,20,48,26,6,4,11,W
104,37,83,19,11,39,24,6,6,14,L
113,46,105,9,12,49,26,4,3,9,L
115,40,78,13,22,39,31,3,2,16,W
133,52,103,17,12,53,36,15,4,17,W
99,39,85,9,12,34,27,10,9,18,L
95,38,85,14,5,48,28,9,3,16,W
86,35,85,10,6,41,20,11,4,11,L
108,36,75,13,23,28,20,13,5,18,W
103,41,92,9,12,56,21,9,2,24,L
113,37,89,15,24,42,25,6,4,11,L
133,50,96,17,16,54,33,7,7,14,W
124,40,87,16,28,51,26,5,4,15,W
121,50,104,14,7,45,28,14,5,9,L
104,37,82,9,21,33,28,10,10,13,L
118,48,102,10,12,61,24,11,5,13,W
102,37,86,11,17,49,17,10,4,13,W
98,36,85,10,16,44,24,5,2,13,L
106,39,92,11,17,47,21,9,2,8,L
115,44,91,18,9,47,31,6,1,14,W
104,39,97,12,14,47,21,7,5,10,L
115,41,85,19,14,43,22,6,4,15,W
103,35,78,14,19,28,23,12,5,11,W
89,31,67,6,21,47,21,6,1,26,L
115,45,92,14,11,43,39,11,6,12,W
108,37,90,17,17,49,24,5,2,19,L
131,48,88,14,21,39,31,6,1,13,L
136,47,89,18,24,41,29,10,3,10,W
104,39,78,11,15,31,22,12,3,21,L
122,49,93,16,8,40,34,9,4,17,W
106,40,92,10,16,49,28,2,6,13,L
110,42,90,9,17,45,21,6,8,9,W
104,41,95,9,13,50,27,6,3,20,L
129,45,96,18,21,52,30,13,8,12,W
104,39,80,6,20,51,17,6,0,10,W
94,32,76,9,21,35,22,3,3,12,L
110,36,89,10,28,48,28,7,3,12,L
123,46,85,17,14,42,32,7,5,11,W
122,49,99,11,13,44,24,6,5,5,W
114,43,83,14,14,45,31,2,3,18,L
111,43,92,14,11,36,26,12,3,13,L
140,48,81,24,20,49,39,6,3,17,W
106,40,90,12,14,47,22,9,3,19,L
116,43,85,12,18,42,26,8,4,17,W
114,40,85,9,25,48,15,10,2,21,W
111,40,91,10,21,41,18,9,6,15,L
97,40,90,9,8,41,19,10,9,10,L
99,42,88,10,5,48,20,6,5,18,W
129,49,86,5,26,38,28,13,4,12,W
121,41,82,13,26,33,26,3,5,17,L
99,33,87,12,21,46,22,6,5,12,W
82,33,81,5,11,46,20,10,5,17,L
111,38,85,17,18,45,22,10,8,18,L
117,42,89,16,17,44,24,8,4,15,W
98,36,90,12,14,55,23,11,7,16,W
90,33,90,9,15,52,21,11,7,18,L
109,42,88,11,14,42,27,2,4,12,L
115,43,92,14,15,44,22,7,4,7,W
115,37,82,19,22,50,29,3,3,11,W
109,33,78,15,28,36,18,8,4,6,L
108,39,86,8,22,48,20,8,5,10,W
102,38,90,11,15,47,15,6,1,11,L
105,38,80,17,12,38,22,5,10,13,L
108,40,90,18,10,42,23,8,1,11,W
118,48,98,10,12,61,31,8,9,19,W
88,34,99,10,10,39,23,7,3,13,L
101,35,83,8,23,46,20,7,5,17,W
96,37,87,7,15,43,22,12,6,14,L
89,31,86,6,21,49,20,5,7,13,L
106,44,107,10,8,63,22,5,7,8,W
119,45,87,8,21,49,28,7,4,13,W
100,38,92,9,15,39,22,6,6,12,L
121,44,96,16,17,45,21,6,3,11,W
109,42,92,6,19,49,23,8,5,11,L
122,45,100,12,20,48,26,11,7,9,W
108,39,81,17,13,40,23,3,4,21,L
130,48,91,15,19,41,34,11,3,15,W
122,45,88,7,25,41,28,8,5,15,L
130,49,90,17,15,55,34,6,4,16,W
106,37,87,12,20,40,17,6,3,13,L
135,50,90,17,18,45,39,12,8,15,W
105,36,89,15,18,45,26,10,4,20,L
121,47,85,12,15,41,32,5,7,8,W
111,40,92,11,20,47,21,6,3,12,L
118,43,96,13,19,54,29,3,0,15,L
134,50,101,17,17,47,37,14,4,8,W
114,39,80,17,19,43,22,7,3,9,W
101,37,92,16,11,51,22,8,5,12,L
108,39,96,10,20,49,16,7,6,13,L
123,44,100,12,23,56,26,9,11,10,W
106,35,90,12,24,53,21,6,4,15,L
114,44,99,16,10,49,29,10,3,11,W
92,29,86,14,20,44,25,6,9,13,L
97,38,87,10,11,49,23,7,6,13,W
125,44,80,14,23,38,30,9,7,10,W
113,40,84,15,18,39,20,6,3,15,L
99,36,76,12,15,45,26,8,8,12,W
75,29,79,11,6,40,13,8,4,14,L
123,44,88,22,13,49,33,9,1,16,W
100,30,79,14,26,35,24,10,1,16,L
93,35,78,7,16,39,19,6,2,13,L
106,44,92,12,6,47,24,5,4,13,W
100,38,95,9,15,42,18,9,6,8,L
102,36,88,11,19,54,23,1,6,13,W
101,34,75,12,21,35,20,5,5,13,L
105,36,85,14,19,46,18,8,3,13,W
123,46,97,14,17,45,31,5,6,13,L
141,55,108,15,16,56,37,10,10,11,W
99,37,89,13,12,53,28,7,2,15,W
95,38,88,9,10,41,29,9,7,9,L
121,47,98,8,19,55,26,8,8,22,W
119,46,107,13,14,44,33,12,8,15,L
99,39,90,11,10,39,23,8,3,7,L
113,44,88,16,9,48,28,4,2,10,W
82,32,75,7,11,42,21,9,3,19,L
96,39,97,10,8,54,24,16,5,15,W
103,37,88,17,12,48,26,6,5,17,W
88,33,85,7,15,46,20,8,5,12,L
119,45,97,14,15,41,26,6,7,12,L
127,47,86,11,22,47,33,10,10,14,W
99,37,84,13,12,48,25,7,2,20,L
103,38,96,13,14,48,23,12,3,14,W
116,44,86,11,17,40,23,9,4,16,L
126,48,93,19,11,39,30,9,7,12,W
101,35,88,8,23,53,17,10,6,20,W
98,36,94,11,15,47,22,10,6,20,L
111,40,82,13,18,49,23,7,9,15,W
96,39,95,8,10,43,19,7,7,10,L
109,43,87,10,13,48,29,6,8,17,W
108,39,91,14,16,43,20,10,3,12,L
118,47,98,11,13,41,23,5,1,5,L
122,47,87,11,17,42,29,3,7,8,W
99,35,74,11,18,39,25,10,2,20,W
95,36,89,8,15,47,15,11,3,16,L
108,35,82,13,25,45,25,8,5,17,L
116,44,100,14,14,49,30,11,8,11,W
128,42,76,16,28,38,33,6,1,21,W
125,42,86,18,23,32,27,11,4,13,L
85,32,80,4,17,56,24,4,2,20,L
87,34,84,10,9,31,23,12,4,9,W
135,51,87,11,22,51,30,4,7,15,W
108,38,82,9,23,32,25,6,2,11,L
119,40,78,18,21,37,23,6,5,13,W
100,40,86,7,13,37,27,6,5,12,L
98,34,73,12,18,33,18,3,3,17,L
109,46,89,10,7,42,29,9,3,12,W
106,41,99,11,13,49,31,6,6,9,L
112,43,82,10,16,42,26,6,4,10,W
91,31,82,13,16,37,20,8,3,14,L
115,43,90,16,13,54,28,7,4,15,W
85,32,78,8,13,39,16,6,2,13,L
108,42,90,12,12,54,24,5,4,9,W
128,45,82,16,22,48,23,5,7,14,W
124,43,99,17,21,43,27,10,5,9,L
111,43,81,11,14,50,28,6,3,15,W
91,34,85,16,7,32,11,7,2,7,L
112,38,81,11,25,35,22,5,6,17,L
138,49,87,17,23,41,35,11,4,10,W
116,42,98,16,16,45,25,6,3,9,L
125,49,89,11,16,45,28,8,7,13,W
99,33,95,16,17,49,20,9,2,15,L
118,44,86,18,12,54,29,10,7,17,W
108,41,96,15,11,46,23,4,8,18,L
116,42,92,8,24,56,22,10,7,14,W
113,43,97,14,13,57,23,8,4,6,W
89,31,81,10,17,46,19,2,7,15,L
109,41,98,7,20,50,16,7,11,12,L
130,47,91,20,16,38,32,8,7,11,W
140,52,83,21,15,40,35,7,3,16,W
108,39,86,13,17,34,28,11,5,15,L
116,45,87,15,11,43,32,9,4,20,W
109,40,97,12,17,44,28,9,5,17,L
87,28,87,11,20,46,18,5,4,11,L
103,38,81,8,19,43,22,7,6,8,W
94,34,88,13,13,42,20,9,7,12,L
112,40,88,11,21,51,24,8,6,15,W
99,37,78,11,14,44,20,4,4,20,L
111,38,85,14,21,40,26,12,4,10,W
118,38,79,16,26,34,26,6,6,16,L
124,41,77,14,28,37,30,6,5,16,W
96,37,87,10,12,36,26,4,5,14,L
138,53,94,19,13,47,39,12,5,7,W
114,46,95,8,14,46,24,7,3,9,W
109,42,92,15,10,47,22,6,5,15,L
112,47,91,8,10,52,30,8,1,15,W
85,34,89,7,10,41,19,8,6,15,L
114,44,101,13,13,50,25,7,4,17,L
126,48,96,13,17,53,33,8,7,14,W
96,26,77,12,32,41,19,8,8,13,L
103,40,91,12,11,50,25,7,8,15,W
115,39,85,13,24,39,19,13,2,13,W
110,39,90,12,20,43,20,4,3,20,L
108,40,80,16,12,31,23,5,5,9,L
117,42,83,13,20,44,24,2,0,11,W
105,40,87,9,16,35,27,9,3,12,L
120,46,84,12,16,44,30,5,5,16,W
98,33,86,9,23,43,24,10,4,10,L
109,40,79,13,16,43,24,5,5,15,W
107,40,87,9,18,37,28,6,4,9,W
102,36,83,10,20,51,17,4,5,16,L
114,44,90,9,17,50,27,6,6,11,W
112,44,87,12,12,32,31,3,3,6,L
94,38,100,12,6,54,24,8,4,15,L
101,34,83,11,22,54,19,6,5,15,W
133,47,91,23,16,51,35,9,2,6,W
96,36,82,10,14,41,21,4,3,11,L
108,32,78,12,32,47,16,6,3,10,W
92,37,77,7,11,37,16,7,3,17,L
118,41,76,16,20,47,22,6,3,23,W
112,41,91,12,18,37,26,16,2,12,L
99,32,82,13,22,47,20,6,3,15,L
119,45,91,16,13,47,30,8,9,16,W
102,42,95,11,7,39,32,5,2,9,L
125,44,84,15,22,51,26,8,5,9,W
104,38,80,10,18,47,22,6,4,14,W
92,36,87,9,11,41,23,10,4,12,L
87,32,80,12,11,53,22,7,4,15,L
97,36,86,14,11,39,23,6,2,7,W
98,35,86,7,21,42,19,9,3,12,L
117,42,87,9,24,49,25,7,6,12,W
114,42,81,11,19,40,26,7,3,16,W
107,41,83,12,13,35,27,11,4,14,L
106,40,92,13,13,43,24,10,7,18,L
119,47,92,10,15,48,29,14,7,18,W
139,45,82,18,31,37,32,7,7,13,W
133,50,97,13,20,41,30,8,4,12,L
121,38,86,15,30,46,25,7,8,13,W
114,39,88,16,20,42,21,8,4,13,L
88,34,90,8,12,50,21,9,7,16,L
98,37,90,7,17,55,20,9,8,17,W
104,38,83,9,19,49,20,11,8,12,W
99,37,90,13,12,45,24,9,5,12,L
104,35,88,12,22,47,28,10,7,11,W
102,36,83,11,19,42,20,10,2,13,L
121,49,95,9,14,45,29,9,5,5,W
107,41,92,9,16,47,21,3,2,12,L
101,38,86,11,14,45,15,7,5,13,W
95,31,83,12,21,44,21,6,6,16,L
112,35,81,13,29,38,21,10,6,13,W
110,37,80,12,24,44,21,6,7,18,L
102,34,83,14,20,54,26,12,3,13,W
86,30,85,9,17,50,18,4,5,16,L
110,40,90,18,12,43,26,4,4,11,L
123,45,83,10,23,44,21,7,8,10,W
119,47,89,8,17,36,23,5,4,15,W
118,41,86,10,26,40,23,6,8,13,L
134,45,86,15,29,39,34,7,9,12,W
122,42,97,17,21,45,21,10,3,13,L
102,39,90,14,10,38,27,8,3,14,L
111,42,86,16,11,47,27,6,6,17,W
104,37,80,12,18,43,24,12,6,16,W
92,33,81,14,12,43,19,7,6,18,L
104,40,77,9,15,38,27,7,4,15,L
117,47,86,10,13,37,25,7,4,10,W
126,46,97,13,21,56,29,7,6,15,W
114,44,106,9,17,47,26,10,8,10,L
102,37,76,9,19,45,23,5,0,18,W
98,35,91,8,20,44,17,11,1,12,L
118,47,96,15,9,50,32,9,13,9,W
96,38,98,8,12,46,20,5,2,15,L
116,41,96,22,12,44,24,4,3,9,W
111,42,89,10,17,49,26,7,5,9,L
130,48,98,13,21,44,32,9,3,12,W
128,52,97,15,9,47,35,6,3,14,L
131,44,84,12,31,35,22,4,8,7,L
133,46,91,15,26,41,27,3,6,9,W
104,40,90,11,13,40,23,4,7,11,L
111,44,90,11,12,48,28,6,8,13,W
102,38,76,11,15,35,27,10,2,12,W
91,29,77,9,24,48,21,6,5,15,L
101,37,85,11,16,50,19,1,3,19,L
109,39,86,8,23,40,25,13,1,7,W
117,42,94,9,24,53,28,11,6,21,L
121,41,95,15,24,48,23,12,3,18,W
98,37,98,12,12,52,20,6,2,12,L
121,45,99,17,14,62,34,8,5,12,W
116,42,85,13,19,45,23,12,4,19,W
105,36,81,11,22,35,23,6,9,18,L
102,40,87,11,11,49,21,5,0,12,W
101,38,91,10,15,44,23,7,3,7,L
110,38,68,14,20,36,26,3,1,18,W
108,41,85,15,11,33,30,8,1,15,L
105,37,82,11,20,42,25,7,7,12,L
109,36,76,16,21,42,20,6,4,13,W
109,42,90,11,14,40,20,10,4,8,W
105,43,85,11,8,45,29,3,3,18,L
90,31,85,7,21,49,21,4,4,10,L
94,34,88,6,20,53,20,3,3,8,W
117,48,100,9,12,53,24,3,5,8,W
102,37,95,8,20,49,24,3,7,6,L
118,43,91,13,19,37,34,6,6,13,L
122,43,82,11,25,48,19,11,10,16,W
111,36,79,10,29,44,22,3,7,11,W
101,38,87,13,12,40,22,6,4,11,L
105,39,81,10,17,41,25,4,9,19,W
103,38,89,10,17,39,25,10,3,12,L
94,35,76,6,18,54,22,5,6,23,W
87,33,85,12,9,41,16,14,3,15,L
133,45,91,21,22,43,19,12,0,7,W
127,51,97,15,10,48,29,4,2,14,L
103,37,84,10,19,44,19,5,5,18,L
113,47,96,7,12,51,34,11,8,11,W
102,34,79,14,20,40,20,7,6,12,L
110,39,91,16,16,52,26,6,4,13,W
116,40,90,19,17,57,26,5,3,13,W
87,33,93,8,13,44,20,8,6,7,L
107,36,79,11,24,38,20,7,1,18,L
113,40,81,15,18,39,31,9,3,16,W
95,33,76,5,24,44,10,3,4,22,L
114,42,80,12,18,35,31,7,8,14,W
114,45,85,18,6,47,31,8,7,22,W
105,39,98,18,9,43,28,15,8,16,L
113,40,88,15,18,45,25,12,6,10,W
91,34,87,4,19,54,23,6,6,16,L
115,44,92,7,20,47,22,5,3,10,W
109,42,89,10,15,43,30,4,5,9,L
104,36,74,9,23,42,22,10,12,18,W
91,37,99,4,13,50,20,10,3,15,L
136,48,92,14,26,37,24,11,7,9,W
125,48,95,15,14,48,27,4,1,19,L
117,44,85,12,17,34,29,8,1,13,W
111,42,75,11,16,34,28,4,5,22,L
94,36,83,13,9,40,19,8,5,10,W
92,31,81,11,19,51,17,7,2,12,L
95,35,81,13,12,51,29,7,1,20,W
93,35,84,12,11,45,21,11,1,12,L
130,44,84,18,24,33,26,7,3,6,W
124,52,88,14,6,32,30,5,2,14,L
91,30,77,13,18,39,18,8,7,21,L
111,43,94,10,15,47,23,14,7,15,W
117,41,88,6,29,45,23,7,4,12,W
113,38,87,19,18,41,26,5,7,17,L
115,47,99,13,8,51,28,10,5,14,W
109,40,81,14,15,38,16,11,3,14,L
110,36,84,11,27,56,25,7,1,25,W
105,41,97,12,11,36,25,14,5,9,L
125,43,82,16,23,42,27,6,7,17,W
113,40,82,10,23,37,25,7,2,12,L
116,39,94,11,27,48,28,9,5,12,W
115,37,80,9,32,52,25,4,7,19,L
128,51,103,20,6,67,32,6,6,11,W
75,29,95,6,11,45,15,7,8,12,L
106,42,89,12,10,33,23,12,9,10,W
96,37,88,7,15,54,20,5,2,19,L
104,39,95,9,17,45,21,8,3,17,L
134,58,101,12,6,49,38,8,5,13,W
92,32,91,10,18,39,17,9,4,11,L
130,49,92,17,15,58,31,8,2,14,W
109,36,82,14,23,49,21,8,10,17,W
107,37,94,16,17,50,26,4,2,14,L
115,41,87,19,14,41,27,11,3,13,W
99,37,80,9,16,41,22,7,3,19,L
126,44,92,10,28,41,33,9,3,20,L
158,54,93,24,26,36,37,9,5,13,W
111,36,81,15,24,49,20,7,1,15,W
102,38,84,9,17,39,29,9,3,13,L
121,48,90,12,13,48,29,9,2,9,W
104,39,93,12,14,42,23,6,3,12,L
97,33,86,12,19,45,23,4,5,23,L
133,51,99,18,13,47,35,17,5,13,W
110,37,74,16,20,38,30,8,3,20,W
96,35,83,15,11,44,24,8,4,18,L
110,43,94,9,15,39,30,9,7,13,L
118,46,90,7,19,44,24,9,9,13,W
105,35,90,5,30,43,23,14,4,13,L
116,41,82,12,22,43,29,9,4,21,W
111,41,89,15,14,51,31,7,9,19,W
110,38,92,16,18,44,26,9,5,11,L
105,40,82,7,18,44,14,6,7,9,W
97,34,79,12,17,39,20,6,4,16,L
132,48,88,16,20,45,35,6,6,9,W
112,42,82,14,14,38,27,4,1,9,L
87,36,88,6,9,42,19,7,9,19,L
105,41,82,13,10,41,30,8,5,15,W
124,44,82,21,15,47,31,8,3,19,W
115,42,95,10,21,41,22,10,4,9,L
114,38,91,15,23,44,19,7,3,7,L
117,43,83,11,20,50,25,4,5,12,W
119,41,83,12,25,47,28,5,7,17,W
103,32,87,10,29,41,23,10,9,10,L
108,41,89,12,14,43,19,10,11,12,W
92,30,86,7,25,52,15,5,8,18,L
114,41,92,9,23,37,22,7,3,13,L
121,40,85,15,26,51,28,6,3,18,W
110,38,79,10,24,38,25,6,3,19,L
125,46,81,17,16,34,20,10,4,15,W
109,37,85,17,18,37,20,10,3,18,L
119,46,82,9,18,42,27,9,7,15,W
113,41,95,13,18,60,25,7,6,21,W
110,43,95,14,10,43,22,12,6,14,L
122,46,88,8,22,37,22,5,2,6,L
131,50,95,16,15,44,35,3,1,7,W
124,44,90,14,22,38,20,7,6,7,L
134,43,84,20,28,49,36,4,2,12,W
123,41,89,14,27,47,27,11,1,13,W
108,39,84,14,16,45,21,6,4,14,L
107,43,81,14,7,43,31,6,7,15,W
97,36,82,8,17,40,22,8,0,15,L
132,51,96,16,14,46,31,8,7,5,W
105,40,91,9,16,47,25,1,7,11,L
103,36,70,12,19,36,24,8,3,18,W
101,36,82,12,17,43,24,9,2,13,L
120,45,110,16,14,61,26,12,6,24,L
124,47,107,16,14,53,24,15,9,17,W
115,46,100,13,10,60,24,8,10,9,W
95,35,84,10,15,37,27,6,5,12,L
110,40,98,14,16,55,24,8,8,12,W
106,39,98,11,17,52,21,7,10,11,L
129,49,84,10,21,45,31,7,0,12,W
121,47,87,15,12,38,29,5,2,13,L
115,44,84,11,16,60,23,5,6,18,W
90,32,98,8,18,44,24,8,2,9,L
130,50,90,13,17,44,36,10,3,7,W
116,43,83,18,12,36,23,4,3,12,L
105,38,82,13,16,41,25,6,6,13,L
115,42,91,10,21,48,26,7,4,9,W
108,39,81,16,14,40,22,9,4,18,L
110,43,84,11,13,40,26,8,1,16,W
136,53,88,23,7,41,39,8,3,10,W
100,37,78,10,16,32,23,6,3,15,L
126,49,89,13,15,40,35,11,2,16,W
106,38,81,15,15,38,23,8,4,20,L
115,48,97,11,8,46,31,6,5,8,W
110,45,100,13,7,43,27,6,3,11,L
93,36,84,9,12,37,26,6,9,10,W
90,33,85,6,18,51,26,6,8,13,L
116,45,96,15,11,41,25,7,5,10,L
122,50,95,14,8,50,31,3,5,12,W
122,49,100,11,13,49,30,8,12,21,W
119,47,102,6,19,48,18,14,6,14,L
122,44,84,16,18,44,24,9,6,10,W
92,34,87,17,7,38,25,6,2,19,L
116,40,80,13,23,47,25,12,5,17,W
96,37,86,11,11,36,24,6,5,16,L
122,43,80,17,19,41,23,10,8,15,W
108,36,84,16,20,37,25,4,3,17,L
81,34,81,7,6,41,18,7,6,15,L
98,35,86,12,16,50,22,6,3,13,W
111,39,89,8,25,46,24,8,5,17,W
101,41,84,8,11,35,21,7,3,19,L
100,37,81,12,14,46,28,6,5,15,L
106,38,89,18,12,43,21,7,8,8,W
112,46,92,12,8,44,26,7,2,9,W
98,36,82,12,14,40,22,4,5,12,L
126,46,90,11,23,49,25,5,6,10,W
115,46,93,14,9,36,33,7,4,9,L
115,38,89,14,25,46,27,7,4,12,L
130,46,93,19,19,52,35,8,9,10,W
124,43,96,20,18,46,30,10,3,16,W
120,46,83,16,12,34,33,7,7,14,L
111,40,81,16,15,33,25,7,1,12,L
121,42,76,11,26,37,26,8,4,16,W
119,42,95,11,24,52,29,5,3,12,W
118,44,98,14,16,46,25,7,1,8,L
103,41,91,11,10,41,23,2,4,4,L
106,41,90,9,15,52,25,1,5,10,W
113,42,82,14,15,42,31,9,5,19,W
107,37,87,12,21,46,18,12,4,16,L
108,38,88,12,20,48,23,5,10,15,L
120,44,102,16,16,51,30,11,5,11,W
104,41,80,7,15,48,23,6,4,19,L
115,39,82,14,23,37,25,11,3,12,W
114,46,98,14,8,39,28,12,8,14,L
120,41,86,17,21,50,25,6,8,20,W
104,42,79,11,9,39,24,5,7,14,L
108,42,86,7,17,37,21,8,4,8,W
101,41,84,8,11,40,22,7,12,13,L
112,41,93,14,16,48,23,8,7,14,W
99,33,78,11,22,53,25,8,7,17,W
94,35,98,14,10,55,23,11,3,13,L
128,44,87,15,25,42,29,11,3,14,W
117,40,91,15,22,45,27,3,6,16,L
124,44,84,20,16,41,25,6,1,15,W
115,46,88,9,14,39,30,11,2,11,L
106,38,78,8,22,38,26,8,1,17,L
110,39,81,12,20,43,20,9,3,15,W
126,47,84,20,12,40,27,11,3,16,W
114,42,80,11,19,25,29,13,3,16,L
111,46,89,13,6,43,29,5,6,10,W
110,41,88,11,17,44,19,6,6,11,L
102,36,90,14,16,51,26,7,0,12,W
101,38,92,14,11,52,27,9,2,14,L
102,37,82,9,19,55,23,4,9,14,W
93,34,104,10,15,56,18,5,4,11,L
122,49,90,6,18,43,30,5,6,9,W
115,47,95,12,9,37,25,3,3,13,L
114,43,93,9,19,40,27,12,4,9,L
125,46,81,17,16,45,29,7,4,17,W
107,39,85,10,19,40,22,8,0,11,W
98,36,70,9,17,36,23,5,5,14,L
106,36,83,11,23,35,15,9,6,19,L
131,51,89,13,16,44,33,14,5,13,W
102,41,99,12,8,42,25,10,2,10,L
125,48,85,17,12,50,33,7,5,18,W
113,42,75,8,21,38,27,8,5,15,W
105,35,78,19,16,31,22,9,4,15,L
93,40,101,6,7,53,18,7,4,12,L
96,33,87,15,15,52,24,5,6,15,W
115,39,90,17,20,38,27,2,2,9,L
135,53,105,13,16,62,33,6,5,8,W
104,38,91,11,17,49,27,14,6,12,W
86,33,86,10,10,50,23,4,5,20,L
95,40,99,8,7,64,26,6,7,10,W
80,30,85,5,15,42,14,8,4,9,L
122,48,102,9,17,57,29,8,7,13,W
115,39,98,11,26,56,24,8,4,14,L
137,49,92,23,16,44,36,9,6,10,W
108,41,85,14,12,38,25,6,6,16,L
113,43,83,12,15,47,30,13,4,16,W
103,42,87,9,10,41,23,8,1,14,L
108,39,81,7,23,38,21,3,4,8,L
119,45,84,12,17,38,29,5,5,11,W
118,42,91,17,17,51,27,6,7,10,W
105,40,95,12,13,47,28,6,9,11,L
124,49,94,10,16,55,37,7,2,11,W
104,36,87,16,16,36,24,8,9,10,L
98,34,84,11,19,50,25,9,5,11,W
85,31,83,8,15,47,17,5,2,19,L
116,45,99,13,13,55,29,9,6,16,W
83,29,81,5,20,40,17,8,5,19,L
94,37,95,5,15,50,21,7,4,12,L
103,38,88,16,11,48,25,8,5,16,W
120,41,77,12,26,33,29,12,4,13,W
107,40,84,16,11,33,28,5,7,18,L
113,40,96,18,15,44,26,6,2,10,L
137,48,88,19,22,50,28,6,4,10,W
116,41,84,15,19,51,21,9,5,18,W
101,39,95,9,14,38,28,11,4,13,L
121,43,76,18,17,37,29,9,1,19,W
100,36,80,7,21,33,25,10,0,17,L
124,43,90,10,28,40,18,7,2,9,L
127,49,90,12,17,44,31,5,5,11,W
110,41,82,15,13,40,30,12,3,15,W
98,37,90,11,13,50,21,8,2,18,L
104,36,95,8,24,56,18,8,3,16,L
113,39,93,12,23,49,19,6,6,12,W
109,41,89,10,17,44,24,7,4,15,L
114,43,95,6,22,48,27,7,5,8,W
133,52,90,17,12,43,36,8,7,16,W
112,37,93,10,28,43,22,10,4,13,L
126,50,91,14,12,52,32,6,8,14,W
91,38,99,10,5,40,22,6,4,14,L
109,40,89,11,18,40,25,8,7,17,L
135,53,103,9,20,55,26,12,6,13,W
110,42,80,8,18,43,27,10,10,19,W
97,32,86,13,20,47,19,8,3,21,L
116,40,79,18,18,47,24,10,5,13,W
86,33,87,5,15,45,20,5,2,15,L
132,46,85,16,24,52,31,5,1,13,W
115,45,101,15,10,41,25,9,3,9,L
116,44,85,10,18,41,28,7,6,16,L
131,52,96,15,12,42,31,10,4,12,W
113,44,90,19,6,50,34,8,7,15,W
95,32,91,11,20,50,21,9,5,13,L
134,50,104,22,12,49,34,10,4,14,W
114,41,83,9,23,38,29,4,3,19,L
105,39,82,9,18,51,18,8,2,15,W
92,38,99,8,8,46,24,8,4,13,L
121,46,82,16,13,40,27,4,5,14,W
109,40,93,13,16,43,26,7,1,9,L
98,36,87,14,12,45,28,11,4,18,L
117,45,88,13,14,45,22,9,4,16,W
85,28,78,16,13,35,17,8,3,13,L
111,41,89,17,12,52,26,3,9,12,W
105,41,74,17,6,38,29,7,7,21,L
107,42,89,10,13,41,26,15,3,11,W
119,44,98,16,15,34,28,4,6,10,L
132,48,93,12,24,51,32,4,7,14,W
132,44,92,15,29,60,32,6,4,13,W
107,41,94,7,18,40,27,4,7,10,L
112,39,84,10,24,42,19,6,3,10,L
113,43,85,11,16,41,29,7,5,12,W
97,36,85,11,14,39,19,8,6,17,L
112,39,81,10,24,43,25,12,4,14,W
120,43,82,16,18,41,25,5,4,21,L
139,53,97,15,18,37,25,12,3,12,W
112,38,78,13,23,41,19,4,3,14,W
105,39,81,9,18,31,24,9,2,10,L
107,40,88,10,17,39,18,6,4,14,L
131,51,90,9,20,43,35,10,2,8,W
114,42,91,15,15,38,27,4,5,8,L
116,39,90,14,24,51,24,3,3,15,W
119,48,102,12,11,45,32,10,6,18,L
141,54,97,18,15,51,36,13,2,18,W
120,43,81,9,25,32,20,12,7,13,W
113,42,89,18,11,38,25,9,4,23,L
100,36,93,7,21,55,19,7,10,11,W
87,35,90,6,11,52,21,6,8,16,L
121,47,103,14,13,49,28,10,5,14,L
136,50,90,18,18,41,37,11,4,14,W
108,38,96,10,22,54,24,13,8,12,W
102,39,90,11,13,52,23,7,6,21,L
134,55,87,14,10,43,32,6,3,15,W
122,48,96,13,13,32,32,7,4,9,L
99,37,84,13,12,40,23,12,5,18,L
114,40,89,13,21,50,22,15,5,16,W
103,31,81,12,29,41,19,6,6,13,L
112,40,84,15,17,51,29,3,2,17,W
125,47,96,11,20,57,31,11,8,17,W
118,39,97,14,26,53,28,7,6,17,L
123,43,76,12,25,42,27,4,2,14,W
110,41,88,13,15,32,26,11,3,10,L
114,43,87,11,17,46,22,2,4,15,L
124,47,93,14,16,34,26,9,5,5,W
93,36,77,8,13,34,21,3,3,17,L
103,38,79,10,17,40,24,13,5,13,W
110,39,84,14,18,50,28,5,3,18,W
109,43,88,12,11,35,22,11,1,7,L
115,41,82,10,23,52,20,6,1,15,W
111,42,93,12,15,41,16,12,2,8,L
106,40,89,7,19,57,20,6,3,13,W
101,34,88,11,22,43,22,8,10,8,L
97,35,85,15,12,44,16,4,0,14,L
99,43,82,7,6,42,23,7,4,14,W
117,40,90,12,25,50,24,4,3,9,W
115,41,88,11,22,48,25,5,6,9,L
105,37,87,15,16,44,25,2,2,15,L
132,55,105,15,7,52,40,8,2,7,W
95,34,93,12,15,48,18,6,3,13,L
105,36,85,11,22,54,21,5,6,12,W
129,43,84,18,25,38,23,8,8,14,W
120,45,102,13,17,54,28,5,6,13,L
103,40,85,9,14,45,21,8,3,15,W
94,32,85,8,22,44,19,7,3,12,L
109,43,84,9,14,49,25,7,5,18,W
85,31,90,9,14,43,12,8,4,18,L
123,45,108,15,18,56,28,8,12,14,L
127,48,96,13,18,46,28,9,1,11,W
120,46,88,10,18,53,25,3,3,16,W
109,44,92,6,15,33,28,9,2,7,L
107,38,89,13,18,43,18,8,3,13,L
122,45,99,18,14,58,30,8,6,14,W
120,45,77,16,14,47,36,4,7,14,W
90,29,95,8,24,44,8,7,3,8,L
121,42,88,16,21,52,25,7,2,23,W
111,40,91,11,20,42,24,16,5,15,L
101,35,83,12,19,33,23,5,4,12,L
135,49,89,18,19,53,34,6,5,13,W
104,39,86,16,10,38,23,7,3,14,L
119,48,85,15,8,43,25,6,3,12,W
124,43,80,14,24,35,25,9,4,11,W
116,45,88,16,10,39,30,8,3,13,L
107,34,76,18,21,38,27,5,7,9,W
99,35,84,7,22,48,19,1,2,12,L
135,46,82,25,18,51,28,2,10,11,W
87,23,80,8,33,40,17,7,2,9,L
128,48,86,10,22,47,28,7,0,15,W
119,47,93,17,8,41,32,8,2,12,L
126,43,109,13,27,58,29,10,8,14,W
120,42,102,8,28,62,31,9,7,14,L
109,44,88,4,17,34,20,7,5,15,L
121,47,94,10,17,49,29,10,3,13,W
96,40,97,10,6,46,26,11,9,14,L
103,44,90,8,7,52,30,9,4,17,W
130,45,90,18,22,47,23,7,6,11,W
109,42,98,13,12,45,23,3,5,13,L
111,42,77,13,14,30,29,8,6,17,L
112,43,93,16,10,47,28,9,1,17,W
113,45,83,4,19,40,30,9,6,11,W
108,39,91,17,13,44,25,7,3,13,L
111,43,98,11,14,51,21,5,1,9,W
106,37,85,16,16,44,22,7,9,10,L
125,47,94,12,19,47,25,8,2,13,W
118,43,84,12,20,36,24,9,3,13,L
123,43,85,13,24,43,23,6,5,12,W
119,37,85,11,34,39,20,10,7,10,L
91,30,77,10,21,42,23,6,7,17,L
103,40,88,8,15,48,21,7,6,13,W
114,43,98,10,18,57,29,3,7,14,W
106,41,105,11,13,50,25,6,6,8,L
121,42,97,13,24,49,23,5,5,16,L
124,44,86,7,29,42,27,10,7,11,W
117,43,91,14,17,48,27,5,1,19,W
116,45,87,10,16,37,26,13,5,11,L
106,41,86,10,14,44,24,9,7,12,W
101,37,79,11,16,41,17,11,6,13,L
111,41,102,14,15,56,31,4,5,15,W
107,38,95,10,21,58,27,6,4,18,L
118,46,92,12,14,48,22,7,0,13,L
125,44,82,19,18,38,18,5,4,9,W
120,42,95,14,22,44,20,5,1,7,L
123,44,88,12,23,46,21,2,2,12,W
111,42,91,13,14,35,29,8,2,19,L
142,51,92,18,22,50,34,12,5,18,W
103,34,77,12,23,43,20,3,7,12,L
106,35,86,11,25,49,23,8,8,11,W
129,46,85,17,20,48,28,9,3,14,W
106,39,94,7,21,38,25,8,4,11,L
108,41,97,8,18,45,20,2,3,10,L
112,41,84,8,22,43,16,5,8,9,W
119,43,93,16,17,42,26,6,11,12,W
114,38,98,9,29,59,25,9,7,16,L
124,46,86,13,19,43,32,14,6,16,W
104,44,93,6,10,42,22,10,4,16,L
132,45,88,15,27,46,36,10,7,12,W
95,31,79,9,24,31,16,5,4,18,L
128,48,86,15,17,39,30,12,4,17,W
110,43,86,9,15,34,25,5,8,15,L
93,37,84,6,13,36,18,6,4,17,L
125,52,94,15,6,52,34,10,7,18,W
125,49,101,14,13,51,31,8,11,14,L
129,50,101,11,18,54,23,8,3,11,W
111,44,94,14,9,41,22,12,3,13,L
119,42,83,13,22,54,20,7,4,19,W
157,57,105,9,34,50,35,6,3,17,W
153,59,108,16,19,39,36,10,5,16,L
115,39,83,11,26,44,22,13,5,10,W
100,30,75,14,26,45,19,4,1,18,L
102,36,86,9,21,41,23,4,1,16,L
133,42,82,19,30,42,30,10,0,12,W
117,38,87,8,33,53,21,10,4,11,W
102,36,82,12,18,37,23,6,8,14,L
109,42,88,17,8,30,22,9,3,12,L
114,40,74,16,18,44,22,9,4,18,W
105,41,83,10,13,47,25,8,8,17,W
102,39,93,8,16,47,18,8,7,12,L
113,42,88,10,19,37,31,5,6,10,W
104,39,87,7,19,41,18,4,4,14,L
127,48,83,13,18,45,27,8,8,12,W
100,38,95,10,14,42,25,5,2,13,L
92,32,83,8,20,49,22,9,5,14,W
86,35,81,11,5,42,19,8,7,18,L
133,47,83,12,27,32,25,8,3,12,W
129,50,90,14,15,46,33,5,1,22,L
110,39,93,9,23,41,17,9,3,10,L
116,44,100,7,21,61,23,5,10,14,W
123,41,78,16,25,43,24,4,0,15,L
126,44,92,13,25,40,24,7,5,9,W
115,38,82,16,23,45,29,5,2,15,W
110,38,89,9,25,45,24,4,3,13,L
109,38,85,11,22,47,21,6,2,18,L
125,38,78,10,39,43,28,13,5,10,W
114,44,86,13,13,36,24,7,5,9,L
118,44,94,17,13,41,23,7,6,10,W
107,39,91,12,17,40,25,5,9,10,L
128,47,90,17,17,49,25,7,5,14,W
127,50,110,14,13,54,30,10,3,15,W
126,45,89,13,23,46,25,8,8,17,L
98,35,92,17,11,37,26,8,0,7,L
99,34,77,11,20,59,18,4,12,18,W
107,39,78,13,16,45,16,5,7,18,W
101,39,91,11,12,44,27,15,2,11,L
124,44,86,12,24,55,28,9,5,15,W
92,34,91,6,18,42,22,12,3,15,L
123,47,92,13,16,51,29,16,3,15,W
95,35,84,7,18,38,15,8,7,23,L
122,39,74,15,29,38,29,5,3,22,L
127,47,86,18,15,31,30,12,6,13,W
119,45,96,12,17,39,29,10,2,11,W
103,35,72,15,18,39,22,4,6,22,L
99,41,84,7,10,38,23,9,4,16,L
112,40,81,12,20,39,28,8,5,14,W
105,41,99,9,14,38,30,13,3,9,L
118,48,89,11,11,55,24,5,6,18,W
130,40,91,18,32,62,25,4,5,13,W
106,36,93,14,20,40,22,6,1,9,L
131,49,87,10,23,46,30,10,6,17,W
110,40,86,11,19,38,28,12,5,17,L
116,41,82,13,21,42,29,6,8,15,W
113,43,90,8,19,43,23,9,3,12,L
98,36,83,7,19,37,15,8,4,10,L
107,39,83,11,18,47,27,4,8,14,W
108,42,84,10,14,37,21,3,5,12,L
109,41,90,7,20,48,27,5,2,13,W
100,38,96,13,11,45,21,8,6,14,L
113,42,96,13,16,55,24,7,8,16,W
114,41,90,13,19,40,26,11,3,17,L
129,47,89,16,19,42,27,10,2,16,W
109,41,82,10,17,45,24,8,7,14,W
104,37,82,14,16,37,22,8,6,12,L
98,37,79,10,14,37,21,6,1,14,L
119,43,85,17,16,45,32,10,5,12,W
114,44,97,10,16,52,22,12,5,20,L
122,41,94,12,28,54,23,12,7,18,W
108,39,91,8,22,40,20,9,3,10,L
123,39,75,17,28,43,24,2,8,14,W
127,43,86,21,20,34,27,12,3,17,L
132,50,91,15,17,49,32,12,2,19,W
119,44,97,21,10,48,28,9,4,12,L
120,41,91,14,24,52,22,7,3,12,W
125,52,88,11,10,50,30,5,5,16,W
95,35,89,8,17,38,20,9,4,11,L
107,40,90,12,15,47,25,11,2,16,L
119,44,87,16,15,50,24,11,6,15,W
120,40,80,14,26,46,32,14,6,16,W
90,30,78,11,19,35,22,10,2,19,L
120,46,89,16,12,51,33,4,7,14,W
107,42,99,13,10,44,24,10,4,7,L
113,40,77,10,23,35,27,8,6,15,W
107,39,83,12,17,30,24,5,5,13,L
106,36,83,7,27,41,12,5,4,10,L
108,38,84,11,21,42,25,4,5,10,W
122,45,85,17,15,32,29,7,1,10,W
113,44,81,15,10,37,26,7,5,15,L
115,39,85,10,27,49,26,6,2,14,W
112,46,93,12,8,40,28,8,5,11,L
132,51,93,17,13,46,32,10,3,12,W
111,41,84,12,17,36,26,8,4,14,L
106,39,100,10,18,55,24,4,9,14,L
111,42,94,15,12,52,28,5,9,13,W
119,44,82,10,21,41,30,5,4,12,L
125,41,75,14,29,30,23,8,3,12,W
117,38,91,13,28,39,18,6,5,4,W
114,46,85,14,8,41,37,2,7,14,L
112,47,94,10,8,40,25,5,2,12,L
118,43,88,10,22,50,20,5,5,14,W
124,50,97,11,13,52,29,11,5,11,W
90,31,89,11,17,52,15,7,2,21,L
138,49,91,22,18,41,35,17,7,18,W
101,37,86,9,18,39,19,12,4,23,L
116,39,86,13,25,41,27,10,4,10,W
101,38,83,10,15,44,25,4,3,15,L
114,40,86,13,21,49,23,7,5,14,L
115,38,85,17,22,33,28,7,3,10,W
114,40,84,14,20,39,22,7,2,10,W
113,46,94,9,12,45,24,5,1,16,L
117,45,98,11,16,51,28,7,6,10,L
123,42,91,16,23,50,29,8,5,9,W
99,35,72,13,16,38,20,6,3,14,W
82,28,82,7,19,41,13,9,4,12,L
96,37,86,11,11,41,25,7,5,12,L
124,46,92,14,18,55,25,7,4,8,W
135,48,85,15,24,42,36,10,7,11,W
121,40,85,16,25,41,24,5,1,16,L
116,46,92,15,9,41,22,11,4,16,L
124,44,89,18,18,47,25,10,6,20,W
126,40,83,17,29,37,25,9,7,10,W
120,45,89,12,18,45,24,6,4,16,L
132,47,87,15,23,48,31,9,6,15,W
122,50,93,14,8,27,33,8,4,11,L
104,39,85,11,15,58,24,5,7,19,W
96,37,94,6,16,45,17,13,3,7,L
123,44,85,10,25,42,28,3,5,10,L
133,45,86,17,26,36,33,6,4,6,W
123,43,82,13,24,45,23,4,5,17,W
112,44,97,5,19,40,27,12,8,11,L
103,39,92,8,17,47,20,11,9,8,L
116,40,89,23,13,48,27,4,4,11,W
93,33,88,11,16,43,17,2,5,10,L
116,42,89,13,19,57,19,4,5,10,W
130,48,101,14,20,49,30,9,4,14,L
138,47,87,10,34,47,32,7,8,15,W
110,42,93,11,15,48,28,3,6,14,L
113,43,93,12,15,47,27,7,2,14,W
106,39,87,8,20,48,22,5,4,13,L
121,41,84,12,27,38,29,5,5,10,W
106,39,88,13,15,33,22,8,7,11,L
123,49,91,14,11,50,26,3,4,15,W
124,38,92,13,35,67,21,10,9,22,W
81,23,83,7,28,42,11,10,5,18,L
111,39,88,17,16,43,19,9,5,9,W
103,36,83,12,19,45,22,5,6,14,L
110,43,91,8,16,43,19,7,3,15,L
117,46,84,9,16,47,28,6,7,18,W
131,47,92,18,19,47,19,7,6,9,W
115,39,80,11,26,40,23,4,2,12,L
132,46,82,18,22,38,33,8,4,16,W
121,45,92,13,18,41,26,12,3,15,L
127,47,94,9,24,40,25,13,6,8,W
124,49,91,16,10,38,35,6,7,18,L
99,35,92,7,22,53,17,6,2,12,L
102,35,92,13,19,52,24,7,6,10,W
111,41,88,11,18,45,24,9,3,15,L
132,48,101,16,20,52,30,8,6,12,W
142,53,100,20,16,53,35,10,4,13,W
115,42,84,16,15,36,26,6,5,16,L
112,44,92,13,11,51,33,8,6,16,W
97,33,93,12,19,47,23,12,3,13,L
115,46,93,12,11,47,30,10,8,11,W
101,36,85,8,21,46,18,8,7,16,L
114,40,76,3,31,33,19,13,0,11,W
108,42,82,11,13,32,25,6,3,16,L
90,35,88,10,10,38,27,8,5,15,L
111,45,99,11,10,55,26,8,5,15,W
115,43,86,11,18,44,26,6,3,9,L
124,47,94,12,18,50,24,7,2,9,W
139,52,102,17,18,50,25,7,4,20,W
130,47,101,18,18,48,25,10,7,16,L
132,45,86,22,20,48,34,10,5,14,W
102,36,87,14,16,42,26,8,0,16,L
102,41,93,7,13,41,23,11,2,11,L
108,36,76,14,22,45,25,4,1,19,W
77,27,86,6,17,37,11,3,4,8,L
107,36,84,9,26,55,20,3,3,13,W
104,38,84,9,19,36,24,5,4,14,L
119,41,85,11,26,47,12,7,1,10,W
85,29,89,9,18,36,19,4,2,10,L
123,42,81,17,22,50,31,3,5,9,W
106,40,82,9,17,51,26,11,3,20,W
100,38,85,12,12,38,24,11,5,16,L
115,43,86,16,13,41,21,6,10,12,W
109,41,87,10,17,41,26,10,3,13,L
129,51,91,18,9,45,29,13,15,12,W
100,30,93,14,26,50,19,5,5,20,L
102,35,84,7,25,49,19,5,6,13,L
113,42,88,14,15,36,26,9,4,8,W
110,41,90,15,13,37,24,8,5,9,L
118,40,86,16,22,49,31,4,3,12,W
112,43,90,9,17,47,28,5,3,10,W
106,40,82,12,14,36,22,7,3,12,L
114,42,90,6,24,47,23,10,3,9,W
103,35,83,10,23,42,21,4,4,14,L
105,35,79,8,27,40,25,5,2,18,L
117,41,86,11,24,42,28,9,6,9,W
113,40,88,11,22,47,20,6,8,14,W
100,41,86,6,12,39,29,9,3,13,L
114,38,90,10,28,54,23,8,6,16,L
118,46,104,9,17,54,23,8,16,10,W
120,43,86,15,19,40,31,9,2,17,L
142,52,87,22,16,38,41,11,1,14,W
104,34,85,6,30,54,15,8,6,13,W
102,37,92,13,15,57,20,10,8,17,L
112,44,88,11,13,40,27,7,8,16,L
117,42,94,14,19,48,19,11,4,17,W
122,48,91,14,12,37,25,5,3,9,W
109,39,85,9,22,47,21,6,6,11,L
104,35,88,15,19,53,23,7,1,18,L
113,35,83,15,28,46,21,12,5,15,W
91,36,86,5,14,40,19,7,4,14,L
101,39,88,9,14,46,20,12,5,14,W
119,45,92,14,15,47,23,6,10,13,W
108,42,102,11,13,52,28,6,3,12,L
122,45,93,18,14,55,33,3,7,12,W
109,38,92,17,16,39,27,8,2,5,L
115,43,78,11,18,39,32,4,5,19,L
127,48,102,12,19,50,28,12,6,8,W
125,47,94,13,18,33,27,6,3,7,L
134,48,86,16,22,44,21,4,5,10,W
127,48,93,11,20,43,21,10,3,11,W
118,39,83,14,26,35,26,7,8,15,L
110,44,89,6,16,39,30,11,3,14,W
107,39,83,11,18,40,27,8,5,17,L
106,40,89,10,16,46,25,5,3,6,W
102,36,80,12,18,44,23,3,4,10,L
92,33,88,9,17,45,16,8,3,11,L
95,33,74,15,14,42,20,7,5,18,W
114,41,91,18,14,50,28,7,7,12,L
116,35,92,14,32,45,21,7,3,8,W
131,46,84,17,22,36,27,9,3,12,W
128,46,89,15,21,43,23,7,4,15,L
130,48,93,10,24,45,30,17,3,11,W
105,39,77,12,15,39,24,3,4,25,L
118,41,97,13,23,44,25,7,8,11,L
125,48,102,11,18,57,30,8,5,13,W
111,36,81,16,23,37,24,4,2,19,L
140,58,102,12,12,51,36,12,5,11,W
120,41,86,15,23,49,28,7,4,12,W
111,43,98,12,13,43,29,5,8,11,L
122,40,109,12,30,49,28,13,6,4,W
113,44,88,10,15,56,25,4,9,21,L
114,44,82,13,13,42,29,8,3,14,W
110,36,84,12,26,48,25,8,6,13,L
116,42,90,16,16,49,31,4,3,18,L
134,49,91,20,16,37,33,12,7,6,W
149,52,90,17,28,40,28,8,3,16,W
139,52,97,13,22,36,33,5,11,15,L
126,45,84,18,18,44,26,7,4,13,W
112,42,82,10,18,35,28,7,1,12,L
103,36,88,10,21,40,22,5,5,15,L
112,39,82,10,24,45,25,10,3,16,W
117,40,86,12,25,42,21,10,3,14,W
111,37,93,17,20,45,21,7,4,14,L
103,34,87,13,22,43,20,7,7,13,L
114,39,96,10,26,64,24,8,9,13,W
102,41,98,6,14,49,23,4,3,19,L
135,54,105,15,12,51,38,11,11,10,W
150,53,88,16,28,48,35,9,4,13,W
108,36,95,15,21,37,25,2,4,12,L
105,29,72,12,35,44,20,1,1,13,W
98,37,80,10,14,39,23,6,5,13,L
115,43,86,12,17,45,29,7,4,17,L
131,49,90,18,15,34,35,9,2,9,W
106,40,93,13,13,43,28,6,2,13,L
116,43,87,11,19,43,30,8,8,9,W
114,39,80,9,27,39,25,9,4,9,L
118,41,79,12,24,39,24,6,2,11,W
127,46,90,15,20,41,30,7,3,10,W
109,41,87,5,22,48,26,7,8,11,L
113,41,83,12,19,37,21,5,2,11,W
111,45,91,9,12,45,28,2,2,11,L
128,40,80,16,32,47,31,9,8,11,W
98,40,91,11,7,41,26,1,3,12,L
112,42,85,16,12,33,26,9,3,12,L
129,53,95,13,10,49,32,5,4,11,W
104,39,93,10,16,38,23,7,4,14,L
124,40,90,17,27,51,22,7,6,17,W
122,43,98,19,17,48,31,10,2,12,W
120,43,82,13,21,47,24,11,1,19,L
110,43,91,12,12,37,28,10,2,12,L
125,42,83,19,22,47,20,8,6,17,W
110,38,81,15,19,53,23,4,4,10,W
88,32,86,11,13,38,19,8,4,8,L
135,47,89,18,23,47,21,12,3,13,W
126,46,94,16,18,39,27,8,5,15,L
100,38,78,11,13,41,27,7,2,14,L
103,38,83,11,16,43,14,5,1,11,W
120,47,97,11,15,45,24,3,4,14,L
134,47,94,20,20,45,34,11,3,9,W
101,37,80,12,15,40,21,4,3,12,L
111,37,75,16,21,38,23,9,4,12,W
120,45,91,13,17,40,28,12,6,10,W
105,40,86,8,17,48,18,6,10,17,L
128,45,77,10,28,45,24,7,4,21,W
123,48,96,13,14,37,29,14,4,14,L
119,44,98,14,17,46,31,11,4,11,W
116,46,92,10,14,51,35,6,3,19,L
100,31,90,10,28,60,18,9,3,13,W
97,34,79,13,16,38,19,2,6,13,L
128,47,96,19,15,43,33,6,4,14,W
123,49,97,12,13,46,25,8,2,12,L
120,46,95,18,10,46,25,5,0,6,W
108,40,84,10,18,47,19,4,5,12,L
118,39,79,12,28,42,24,9,8,16,L
121,47,101,14,13,46,29,7,4,13,W
124,48,96,14,14,58,24,13,4,10,W
91,32,89,11,16,40,22,5,4,16,L
92,31,86,11,19,43,23,10,8,12,L
121,47,97,16,11,59,30,9,5,12,W
102,35,85,7,25,37,20,6,0,11,L
129,47,84,11,24,49,23,5,4,13,W
126,46,82,22,12,43,33,11,1,13,W
97,33,79,13,18,37,23,5,6,16,L
119,43,97,19,14,51,27,6,4,14,L
138,47,92,22,22,44,30,12,2,11,W
108,39,89,14,16,44,18,4,4,15,L
129,44,88,20,21,46,33,8,8,9,W
113,45,88,10,13,44,28,7,4,16,W
109,41,85,13,14,38,23,10,6,16,L
119,48,91,13,10,41,25,3,1,15,L
127,44,85,13,26,36,30,10,1,8,W
129,48,84,15,18,41,38,10,2,16,W
98,38,81,9,13,32,23,10,3,18,L
98,37,86,10,14,45,26,6,3,17,L
122,46,96,16,14,51,26,14,6,14,W
112,41,87,10,20,40,22,7,4,16,L
117,43,96,7,24,54,22,12,1,16,W
90,32,83,7,19,60,22,11,4,21,W
85,30,92,13,12,47,19,13,7,16,L
127,46,92,12,23,50,25,12,5,18,W
124,39,91,16,30,42,27,12,2,15,L
93,31,83,16,15,37,20,7,2,11,L
108,34,74,17,23,49,16,9,11,12,W
124,47,82,19,11,38,29,4,6,9,W
104,35,87,14,20,41,22,4,3,11,L
88,30,73,7,21,40,21,7,5,10,L
93,35,93,7,16,56,16,5,4,9,W
108,41,90,11,15,57,26,5,1,15,L
110,38,98,15,19,44,25,7,2,11,W
103,40,90,9,14,47,23,9,4,15,L
106,40,79,13,13,35,34,5,10,17,W
120,45,86,14,16,38,29,3,2,12,L
131,53,94,12,13,41,34,7,3,8,W
119,37,88,8,37,47,22,15,7,9,W
115,36,85,9,34,48,22,8,5,20,L
106,38,80,10,20,34,23,6,4,12,L
113,43,86,15,12,45,26,6,4,12,W
114,45,83,11,13,41,31,5,4,14,W
106,37,83,14,18,37,18,8,7,14,L
113,44,90,11,14,42,28,6,7,6,W
99,40,91,6,13,49,26,5,6,14,L
115,42,85,20,11,44,30,5,8,13,W
97,35,85,6,21,47,24,7,6,11,L
132,44,86,15,29,42,22,8,7,9,W
123,48,93,17,10,42,23,5,4,11,L
110,40,83,14,16,47,27,5,3,12,W
108,36,91,13,23,50,21,9,3,9,L
90,34,85,11,11,48,21,6,3,18,L
94,34,79,10,16,39,25,9,6,14,W
117,40,81,15,22,43,26,7,5,14,W
111,42,86,13,14,41,20,12,4,14,L
98,39,92,13,7,33,21,9,4,7,L
126,50,82,12,14,53,26,4,6,15,W
127,45,83,16,21,40,31,4,5,11,W
115,42,86,10,21,35,27,3,7,6,L
121,43,83,20,15,40,30,5,3,9,W
106,42,89,13,9,45,26,5,4,11,L
101,37,92,14,13,40,21,8,3,14,L
122,44,88,12,22,54,30,10,4,16,W
109,42,91,14,11,42,34,11,3,15,L
110,43,82,12,12,36,26,7,3,17,W
125,50,84,19,6,39,37,8,10,13,W
97,35,88,8,19,40,13,8,1,14,L
118,40,77,15,23,45,23,5,2,13,W
104,37,85,14,16,34,26,8,1,10,L
120,43,87,9,25,39,18,6,10,14,L
132,47,101,19,19,46,28,8,7,13,W
116,42,95,13,19,45,27,5,5,12,L
125,45,86,12,23,43,30,6,9,13,W
102,36,93,17,13,45,24,3,3,11,L
118,38,79,17,25,44,21,6,6,12,W
110,42,86,8,18,42,24,9,1,13,W
91,33,82,4,21,45,17,8,5,16,L
121,50,97,11,10,45,25,6,3,12,L
126,47,91,10,22,43,26,7,5,7,W
96,36,94,7,17,43,18,5,5,18,L
133,46,94,19,22,53,34,8,11,14,W
104,37,79,12,18,36,24,4,3,13,L
117,42,89,16,17,40,26,9,5,9,W
103,39,92,9,16,31,20,7,8,11,L
133,50,93,21,12,55,34,8,9,17,W
114,42,81,16,14,41,23,5,2,16,W
102,43,92,11,5,41,25,9,1,11,L
126,41,83,12,32,43,23,10,2,11,W
109,40,78,14,15,33,25,5,4,15,L
130,48,81,15,19,37,27,5,2,17,L
140,52,86,13,23,29,32,7,3,9,W
101,38,84,17,8,38,25,7,2,12,L
107,41,88,13,12,45,26,7,3,10,W
100,36,83,9,19,45,23,6,7,17,W
97,39,95,6,13,48,19,9,8,15,L
121,46,89,14,15,44,27,11,4,12,W
110,43,90,14,10,47,27,4,1,16,L
103,35,70,12,21,35,18,6,3,15,L
111,36,82,17,22,42,23,8,2,11,W
95,35,90,10,15,45,21,4,5,11,L
116,43,84,11,19,45,26,4,2,9,W
125,43,83,19,20,37,27,12,3,16,W
106,43,85,3,17,38,28,6,3,17,L
97,34,85,8,21,39,19,7,7,16,L
122,43,92,15,21,52,23,12,8,13,W
103,40,90,10,13,42,23,4,11,8,L
107,39,92,7,22,49,22,4,6,10,W
110,45,106,13,7,57,27,9,3,13,L
114,42,98,11,19,59,24,4,4,14,W
91,33,79,11,14,35,23,5,3,14,L
131,51,84,15,14,42,34,9,3,6,W
94,34,82,7,19,46,17,7,3,13,L
98,36,75,5,21,37,23,6,1,15,W
95,33,75,10,19,39,20,7,5,24,L
110,39,83,11,21,40,26,15,5,17,W
102,37,93,7,21,46,19,4,7,14,L
127,49,102,13,16,54,30,10,9,8,W
113,41,85,8,23,47,33,11,5,15,W
107,39,84,14,15,36,29,8,5,17,L
115,44,84,15,12,38,34,12,8,21,W
98,37,93,12,12,51,21,14,4,23,L
104,34,85,13,23,51,19,8,8,14,W
102,39,85,8,16,37,23,8,5,10,L
134,49,87,17,19,45,27,7,5,13,W
112,45,84,14,8,30,26,7,3,14,L
115,38,89,8,31,46,20,8,2,10,L
123,44,84,16,19,42,33,5,8,12,W
104,37,89,10,20,45,22,6,4,12,L
114,45,87,13,11,40,24,5,5,13,W
116,44,91,9,19,41,25,10,1,7,W
108,42,80,14,10,39,26,5,2,15,L
110,43,97,7,17,50,30,9,11,11,L
119,42,98,17,18,53,26,6,2,12,W
114,40,77,17,17,45,21,3,2,10,W
100,41,89,12,6,36,23,5,1,6,L
113,40,86,12,21,51,29,7,3,16,W
109,44,93,13,8,40,33,11,3,15,L
107,37,83,13,20,41,26,11,4,15,W
101,42,87,10,7,45,31,6,1,17,L
132,47,86,17,21,40,32,11,4,15,W
123,45,87,17,16,28,32,7,6,14,L
123,49,90,19,6,48,30,7,1,16,W
100,37,81,12,14,32,21,6,2,14,L
104,34,79,6,30,47,16,6,3,14,L
109,38,89,12,21,46,19,4,4,6,W
112,39,95,12,22,57,23,5,7,17,L
115,46,106,10,13,52,16,10,11,10,W
120,38,92,20,24,44,26,5,9,12,L
123,47,100,7,22,56,28,11,5,13,W
95,33,81,9,20,40,18,6,7,17,L
123,43,92,12,25,52,26,11,3,14,W
131,51,112,20,9,47,28,17,5,11,L
134,48,90,20,18,49,32,7,3,21,W
118,44,88,14,16,48,26,5,4,11,W
116,43,89,16,14,40,28,7,3,9,L
107,43,85,6,15,36,26,9,1,9,W
94,38,79,6,12,37,25,6,7,14,L
130,42,76,15,31,41,24,9,6,19,W
123,48,99,16,11,39,28,11,4,14,L
128,45,87,20,18,46,27,5,1,8,W
110,40,89,12,18,48,20,7,2,9,L
121,41,83,15,24,33,21,8,4,11,W
115,43,78,12,17,38,23,5,5,15,L
112,42,83,11,17,39,24,7,3,15,L
120,46,88,16,12,38,28,6,6,12,W
125,50,80,12,13,43,33,6,4,20,W
118,44,97,12,18,37,29,11,4,8,L
110,40,96,11,19,42,21,8,5,12,L
127,47,92,13,20,51,35,5,8,12,W
98,35,85,11,17,44,27,9,1,18,L
106,38,79,13,17,42,27,9,6,18,W
114,40,85,16,18,43,23,5,5,14,L
125,49,90,12,15,40,39,7,3,12,W
102,37,92,11,17,48,26,11,9,22,L
125,48,96,18,11,47,32,9,4,19,W
118,43,94,13,19,51,23,7,4,18,L
121,44,95,7,26,44,21,7,10,9,W
136,49,91,18,20,43,28,10,4,13,W
118,41,87,17,19,42,31,5,2,18,L
111,42,83,14,13,37,26,8,1,15,L
112,44,91,16,8,40,26,8,5,14,W
103,35,83,13,20,48,26,7,4,21,L
107,38,92,7,24,46,20,9,1,14,W
117,40,78,6,31,40,26,16,6,14,W
107,39,85,14,15,41,30,7,4,22,L
94,31,69,7,25,39,22,8,9,15,L
102,41,82,10,10,38,26,11,4,10,W
120,40,89,12,28,57,17,12,3,23,W
119,45,97,18,11,41,31,12,7,16,L
135,50,102,10,25,50,24,6,3,8,W
130,45,90,16,24,40,26,7,5,12,L
109,41,83,7,20,40,18,5,3,11,L
122,46,90,15,15,41,25,7,2,8,W
89,34,79,11,10,45,24,6,4,22,L
102,36,86,13,17,41,21,13,3,10,W
103,34,78,11,24,36,14,3,3,13,L
135,49,90,17,20,45,33,7,4,9,W
128,45,83,12,26,40,29,7,4,16,W
123,42,81,17,22,30,25,9,3,16,L
117,41,97,17,18,45,26,9,7,11,L
122,42,81,12,26,47,29,6,11,13,W
114,47,86,10,10,39,27,8,4,20,L
122,46,102,7,23,48,30,7,2,11,W
153,56,92,23,18,36,34,9,7,10,W
119,50,94,8,11,38,30,6,5,15,L
101,36,84,11,18,54,24,1,8,17,L
110,40,94,15,15,44,29,9,8,8,W
111,41,92,15,14,42,27,12,2,12,L
130,46,81,16,22,44,34,9,6,15,W
130,46,86,12,26,44,36,7,2,18,L
136,43,86,19,31,38,26,14,4,12,W
114,41,79,7,25,37,23,8,4,15,W
111,39,82,11,22,40,24,10,1,17,L
144,53,87,21,17,47,38,10,5,19,W
114,42,87,11,19,32,34,14,1,17,L
119,44,81,15,16,43,26,6,3,12,W
101,31,77,13,26,35,19,6,4,11,L
122,36,86,13,37,54,18,10,4,7,W
115,42,99,17,14,52,17,5,3,13,L
109,37,86,9,26,39,21,5,4,6,L
127,44,82,17,22,41,28,4,1,9,W
111,40,84,20,11,41,30,5,6,11,W
107,38,89,15,16,47,19,8,2,13,L
144,56,91,23,9,39,39,6,5,8,W
102,38,82,8,18,32,21,4,2,12,L
118,39,76,16,24,38,28,7,3,14,W
112,42,95,15,13,36,25,9,1,9,L
129,47,82,12,23,38,33,10,5,12,W
118,49,92,6,14,40,31,4,5,13,L
117,45,94,12,15,58,33,6,11,19,L
121,43,99,21,14,38,31,11,4,12,W
108,35,78,15,23,41,24,10,3,12,L
112,33,80,11,35,50,23,7,8,14,W
118,45,93,15,13,56,29,9,7,10,W
88,30,85,12,16,40,18,5,2,11,L
114,41,79,18,14,38,30,9,4,17,W
109,35,83,12,27,38,19,12,1,17,L
132,48,85,16,20,36,28,8,4,24,L
139,51,86,17,20,32,32,13,6,19,W
96,37,89,7,15,33,22,14,4,11,L
117,43,87,17,14,54,33,7,4,18,W
92,33,84,16,10,39,22,7,4,14,L
113,38,84,14,23,51,25,9,1,13,W
109,41,79,16,11,47,29,8,8,17,W
90,31,81,7,21,35,19,5,1,13,L
100,35,87,9,21,54,22,4,5,16,L
119,45,95,21,8,41,33,10,5,10,W
122,45,95,12,20,48,29,8,10,16,L
131,47,87,23,14,36,34,8,3,16,W
115,42,86,16,15,47,25,6,4,12,L
120,47,93,16,10,43,31,9,8,7,W
105,40,99,11,14,48,18,8,6,11,L
118,39,86,15,25,52,22,6,9,17,W
144,48,84,23,25,41,29,10,1,15,W
115,45,85,12,13,31,34,8,3,15,L
108,43,94,14,8,43,31,5,4,7,L
118,44,101,9,21,60,20,6,5,8,W
106,42,98,9,13,42,22,8,2,15,L
127,46,87,12,23,47,32,8,8,14,W
114,41,91,14,18,38,27,6,3,10,L
132,56,101,13,7,52,38,4,4,10,W
94,35,83,11,13,40,24,10,6,17,L
98,39,81,9,11,47,15,12,12,17,W
97,41,98,7,8,51,22,4,2,11,L
116,44,89,12,16,48,31,6,3,11,W
121,40,96,12,29,61,23,8,8,17,W
115,39,101,13,24,51,26,13,7,13,L
123,45,88,12,21,44,26,13,2,13,W
109,39,76,11,20,34,28,4,3,15,L
110,39,86,9,23,46,22,7,3,16,L
121,50,102,14,7,53,38,10,4,14,W
131,45,80,15,26,41,28,8,1,10,W
113,35,82,11,32,42,26,7,5,11,L
110,41,93,14,14,49,28,7,6,14,W
98,32,83,13,21,42,22,4,7,11,L
118,43,92,16,16,39,26,11,1,6,W
103,42,86,10,9,44,26,4,4,14,L
117,43,88,17,14,42,29,11,6,13,W
94,35,80,7,17,40,19,7,4,17,L
101,37,90,16,11,32,27,9,1,10,L
137,49,84,15,24,55,29,7,10,13,W
113,33,75,12,35,55,20,7,9,17,W
109,42,108,17,8,54,29,11,2,12,L
101,38,95,15,10,43,27,6,4,16,L
128,48,92,12,20,56,29,9,10,12,W
114,37,75,19,21,37,26,7,3,17,L
119,45,91,15,14,41,22,7,4,11,W
121,43,87,21,14,44,30,8,4,16,L
127,49,97,14,15,48,27,13,5,11,W
127,41,96,20,25,47,25,8,2,11,W
121,43,89,10,25,45,31,5,5,12,L
127,44,93,13,26,49,31,15,1,12,W
94,36,69,11,11,27,28,10,4,22,L
122,44,80,12,22,43,27,7,2,19,W
109,42,89,11,14,34,30,8,3,13,L
128,51,97,16,10,45,39,10,5,15,W
112,37,83,9,29,42,14,8,4,19,L
131,50,101,11,20,51,29,7,1,8,W
101,35,90,10,21,43,27,6,5,14,L
114,41,88,16,16,42,27,13,3,10,W
92,35,69,9,13,37,21,5,5,22,L
107,40,82,8,19,31,19,4,4,9,L
118,43,92,12,20,45,30,5,8,11,W
115,43,81,10,19,41,24,6,3,19,L
117,44,96,7,22,41,20,13,4,10,W
109,42,88,8,17,43,17,9,0,15,L
113,40,72,11,22,33,20,9,1,17,W
117,44,82,13,16,31,25,7,1,12,L
133,52,86,19,10,38,34,7,4,11,W
128,42,79,20,24,51,25,9,5,15,W
78,31,83,7,9,29,20,9,2,17,L
111,46,92,6,13,46,27,7,3,13,W
105,35,88,11,24,44,20,8,4,11,L
120,41,82,9,29,45,23,8,4,10,W
101,40,88,6,15,44,21,5,3,14,L
117,42,86,21,12,48,29,7,3,17,W
98,38,86,7,15,42,24,12,2,13,L
114,41,91,6,26,29,23,10,3,16,L
141,53,90,18,17,48,41,6,9,19,W
120,41,78,10,28,31,28,8,6,17,L
133,50,90,12,21,42,37,14,3,15,W
100,33,81,8,26,51,23,8,1,12,W
94,32,80,10,20,41,19,5,3,12,L
134,52,81,8,22,50,30,5,6,21,W
126,47,104,19,13,30,32,16,1,7,L
108,42,94,8,16,43,25,12,3,11,L
124,48,89,18,10,48,34,6,9,20,W
133,51,94,19,12,48,39,5,5,12,W
115,39,88,12,25,41,27,7,2,12,L
130,46,85,20,18,43,34,5,3,16,W
120,43,89,11,23,35,26,15,3,8,L
141,49,100,15,28,45,33,10,7,14,L
146,44,94,16,42,50,26,4,6,13,W
130,45,87,21,19,50,29,4,4,13,W
114,41,89,17,15,34,24,4,4,8,L
138,54,97,18,12,57,34,4,8,9,W
88,37,98,9,5,40,17,6,2,10,L
139,54,99,18,13,56,34,5,2,15,W
110,39,102,15,17,45,27,11,6,10,L
124,44,83,10,26,48,22,9,3,23,W
120,46,91,11,17,32,30,7,9,13,L
107,42,99,14,9,42,24,10,0,12,L
128,49,81,19,11,41,33,5,2,17,W
105,40,87,15,10,48,32,6,5,17,W
94,36,92,12,10,43,27,10,2,14,L
111,40,94,19,12,47,20,5,4,10,L
125,45,91,23,12,48,33,4,3,10,W
118,46,88,5,21,42,25,13,6,11,W
106,38,83,11,19,42,26,4,4,20,L
109,42,103,14,11,50,27,9,7,11,L
116,40,76,14,22,40,26,9,7,15,W
80,31,83,9,9,32,21,11,8,16,L
111,37,82,9,28,60,23,8,6,17,W
